Student_ID,Gender,Age,Study_Hours_per_Day,Sleep_Hours,Attendance_Percentage,Assignments_Completed,Previous_Exam_Score,Internet_Access,Family_Income_Level,Final_Exam_Score,Study_Efficiency,Score_Improvement,Performance_Category
1,1,21,0.793040018484801,6,-0.06166513345162517,9,0.6315656893786202,No,Low,1.351623619396998,-0.5047197246566836,0.6701230162655842,2
2,0,18,0.40109272763564074,4,-1.5700209157216083,1,1.0712434442916325,Yes,Medium,1.0153199161528272,-0.4007502279899602,-0.06280541162581571,2
3,1,20,0.40109272763564074,4,1.446690648818358,8,1.4481100913599287,Yes,Medium,1.1802990913292126,-0.36889425426379235,-0.26540351364457704,2
4,1,18,0.009145436786480443,4,1.7128710809836492,5,0.3803212579997561,Yes,High,0.6155626839946621,-0.26989568976093237,0.21725667057658937,1
5,1,21,0.40109272763564074,5,-1.1263868621127897,8,1.0084323364469165,Yes,Medium,-0.12049825140767471,-0.6200663547970383,-1.069837154013187,1
6,0,21,1.5769346001831217,5,1.7128710809836492,5,-0.8130897910498488,Yes,High,1.2754793847002044,-0.7397304612299509,1.969134376268228,2
7,1,17,1.5769346001831217,7,0.20451529871366597,5,-0.8759008988945648,Yes,Low,0.86303144675924,-0.7928237507735638,1.64140215241435,2
8,1,21,1.1849873093339613,7,1.7128710809836492,1,-1.378389761652293,Yes,Medium,0.2856043336418905,-0.785778679661046,1.5758557076435749,1
9,1,17,1.5769346001831217,7,-0.8602064299474986,7,1.3852989835152127,No,Low,2.1828648481703254,-0.6229252242340024,0.7356694610363594,2
10,0,20,1.1849873093339613,5,-1.1263868621127897,2,0.5687545815339042,Yes,Low,0.8439953880850419,-0.7049135155869277,0.2530092768151939,2
11,1,18,1.1849873093339613,5,0.7368761630442482,6,1.3852989835152127,No,Low,1.6371644995099732,-0.5900482257089188,0.22321543828302318,2
12,1,18,-1.5586437266101607,7,0.825602973766012,4,0.254699042310324,No,Low,-0.4504566017604463,3.4881290261199087,-0.664640949975665,1
13,1,17,0.009145436786480443,7,-0.9489332406692623,2,-1.5668230851864413,No,Medium,-0.48852871910884266,-0.5257236633772338,1.027649078651633,1
14,1,18,-0.38280185406267986,8,1.6241442702618853,0,-1.5668230851864413,No,Low,-0.1268436042990738,-0.1728574928719904,1.3672988379183797,1
15,0,21,-1.1666964357610003,7,0.6481493523224845,7,-0.37341203613683643,Yes,High,-0.7423428347648207,0.8159029223979102,-0.3428674938282208,1
16,1,19,1.1849873093339613,8,1.3579638380965942,2,-0.37341203613683643,No,Medium,0.6155626839946621,-0.7379947190717941,0.9323087953486872,1
17,0,17,-0.7747491449118401,6,-0.6827528085039711,1,-1.127145330273429,No,Low,-1.7766353560629309,-0.36154287571159965,-0.5990945052048889,0
18,0,18,-0.38280185406267986,5,1.0030565952095394,0,1.4481100913599287,No,Medium,-0.12049825140767471,-0.17101964823394236,-1.4869508934635771,1
19,0,17,0.793040018484801,7,1.3579638380965942,3,-1.5668230851864413,No,High,0.7678511533882483,-0.6013378427712145,2.207485084525594,2
20,1,17,1.5769346001831217,5,1.446690648818358,7,-1.001523114583997,No,Low,1.0787734450668218,-0.7650518762430586,1.9631756085617944,2
21,0,19,-1.1666964357610003,5,0.4706957308789571,2,0.06626571877617586,Yes,High,-0.6661986000680271,0.8600111937110657,-0.6884760208014011,1
22,1,21,-0.7747491449118401,5,0.11578848799190225,0,1.2596767678257808,Yes,Low,-0.6408171885024297,0.07708937790255685,-1.7968068141981532,1
23,0,17,-0.38280185406267986,6,-1.4812941049998445,3,-0.6874675753604167,No,High,-1.1357547140315867,-0.46507479032164517,-0.4143727063054307,0
24,0,18,-1.5586437266101607,4,0.9143297844877757,8,-1.315578653807577,Yes,Low,-1.2563164189681761,2.554503949991453,0.06828747791573538,0
25,0,20,0.793040018484801,7,-0.2391187548951526,0,-0.9387120067392809,Yes,Medium,0.742469741822651,-0.6055386305153244,1.5877732430564433,2
26,0,17,-1.1666964357610003,4,1.5354174595401215,1,-1.6296341930311573,No,Low,-0.9961569504207987,0.6688753513540587,0.6105353392012427,0
27,0,17,0.009145436786480443,4,0.29324210943542967,8,-1.5040119773417253,No,Medium,-0.5139101306744408,-0.531604766218988,0.9442263307615546,1
28,0,19,-1.5586437266101607,4,0.20451529871366597,1,-1.127145330273429,No,Low,-2.2842635873748867,1.3635806245362567,-1.0757959217196207,0
29,0,21,-0.7747491449118401,5,0.11578848799190225,2,0.6943767972233363,Yes,Low,-0.5519822480228371,0.11139581114612232,-1.1770949727290012,1
30,0,20,-1.1666964357610003,8,-1.6587477264433719,6,-0.24778982044740436,No,High,-0.8057963636788151,0.7791460296369473,-0.5216305250212452,1
31,1,18,-1.5586437266101607,5,0.9143297844877757,2,-0.6874675753604167,Yes,High,-1.5101305346241543,2.26044880790375,-0.7659400009850453,0
32,1,20,0.793040018484801,5,-0.8602064299474986,8,1.510921199204645,Yes,High,1.0280106219356262,-0.5582797683940863,-0.46800161566333753,2
33,0,18,0.009145436786480443,4,0.6481493523224845,5,-1.378389761652293,Yes,Low,-0.7677242463304184,-0.5904157946365285,0.5867002683755063,1
34,0,21,-1.5586437266101607,5,1.0030565952095394,2,-0.5618453596709846,No,Low,-1.3768781239047656,2.414827757499794,-0.7599812332786111,0
35,0,18,0.40109272763564074,4,-1.392567294278081,8,-1.4412008694970093,Yes,Low,-1.167481478488584,-0.822229264982334,0.2708855799344961,0
36,1,19,0.009145436786480443,8,1.5354174595401215,0,0.254699042310324,No,Medium,-0.10780754562487563,-0.437507120750923,-0.3428674938282208,1
37,0,19,-0.7747491449118401,7,-0.9489332406692623,9,-1.127145330273429,No,Medium,-0.7550335405476197,0.03298110658940159,0.3602670955310083,1
38,1,19,0.793040018484801,4,1.7128710809836492,2,-1.189956438118145,No,Low,0.742469741822651,-0.6055386305153244,1.8261239513138092,2
39,1,19,1.5769346001831217,8,0.29324210943542967,0,-0.059356496913256236,No,High,1.9100146738401493,-0.6580484773167001,1.8499590221395452,2
40,1,20,1.5769346001831217,7,1.2692370273748306,1,-0.9387120067392809,No,High,1.1295362681980172,-0.7585173175299985,1.951258073148926,2
41,1,21,1.5769346001831217,6,0.20451529871366597,7,-0.5618453596709846,Yes,High,0.9899385045872291,-0.7764873539909137,1.4626391212213257,2
42,1,18,-1.1666964357610003,4,-0.3278455656169163,6,-0.4362231439815525,Yes,Low,-1.2309350074025784,0.5328748481384962,-0.7421049301593088,0
43,0,18,-0.7747491449118401,4,-1.7474745371651357,1,-0.24778982044740436,Yes,High,-1.3959141825789638,-0.2145153046677483,-1.0757959217196207,0
44,0,19,0.793040018484801,6,0.9143297844877757,1,0.6315656893786202,Yes,Low,1.497566735899185,-0.4805651951280509,0.8071746735135696,2
45,0,19,0.009145436786480443,6,0.9143297844877757,8,-1.5040119773417253,Yes,Medium,-0.6979253645250243,-0.5742427618217048,0.7714220672749649,1
46,0,17,-1.1666964357610003,4,1.1805102166530668,5,-0.24778982044740436,No,High,-1.2118989487283798,0.5439019159667852,-0.9029916582330305,0
47,0,21,-0.7747491449118401,6,-1.037660051391026,4,0.44313236584447213,No,Medium,-0.07608078116787838,0.29518027495093657,-0.49183668648907447,1
48,1,20,0.40109272763564074,5,0.11578848799190225,9,-1.5668230851864413,Yes,High,-0.7677242463304184,-0.7450397901843121,0.7654632995685307,1
49,0,18,0.793040018484801,7,-0.6827528085039711,5,-1.5040119773417253,Yes,Low,0.41885674436127857,-0.6590986742527277,1.8201651836073744,1
50,0,17,1.5769346001831217,7,0.38196892015719336,8,0.5687545815339042,Yes,Low,2.0559577903423363,-0.6392616210166524,1.3911339087441157,2
51,1,17,-1.5586437266101607,7,-0.2391187548951526,6,0.7571879050680523,No,Low,-1.427640947035961,2.3560167290822536,-2.058992593281255,0
52,0,18,0.793040018484801,5,-0.7714796192257348,9,1.2596767678257808,No,Low,0.8186139765194437,-0.5929362672829946,-0.4262902417182992,2
53,1,20,1.1849873093339613,6,1.7128710809836492,9,1.636543414894077,No,High,2.392261493586508,-0.48069646974505426,0.6939580870913213,2
54,0,17,-0.7747491449118401,8,-0.3278455656169163,8,0.44313236584447213,Yes,Medium,-0.8755952454842092,-0.013577624241151576,-1.2426414174997769,1
55,1,17,-0.38280185406267986,6,-0.5052991870604437,3,0.19188793446560795,Yes,Low,-0.1902971332130683,-0.19123593925247184,-0.36074379694752307,1
56,0,21,0.40109272763564074,4,-0.5052991870604437,1,1.0084323364469165,Yes,High,0.01275415931171428,-0.5943365298643644,-0.9447030321780693,1
57,0,20,0.793040018484801,7,-0.5052991870604437,7,-0.18497871260268833,Yes,Medium,0.609217331103262,-0.6275927661719023,0.7475869964492281,1
58,1,17,-0.38280185406267986,6,1.6241442702618853,3,0.7571879050680523,No,Low,-0.07608078116787838,-0.15815473576760533,-0.7897750718107818,1
59,1,20,1.1849873093339613,8,-0.6827528085039711,8,-0.9387120067392809,Yes,Medium,0.6472894484516593,-0.7334001074766738,1.498391727459931,2
60,1,18,0.009145436786480443,4,-0.3278455656169163,3,-1.5040119773417253,Yes,Low,-1.154790772705785,-0.6801026129732778,0.3423907924117061,0
61,1,19,-1.5586437266101607,5,1.0030565952095394,7,1.1340545521363485,Yes,Medium,-0.9453941272896033,2.914721499048888,-1.9636523099783088,1
62,1,17,-0.38280185406267986,5,-1.037660051391026,8,-0.8759008988945648,No,Medium,-1.116718655357388,-0.4595612564075007,-0.2177333719931036,0
63,1,21,-0.7747491449118401,8,1.7128710809836492,8,-0.9387120067392809,No,Low,-1.2499710660767767,-0.15815473576760533,-0.2832798167638793,0
64,1,18,1.5769346001831217,4,-0.06166513345162517,9,-0.059356496913256236,Yes,High,1.3262422078313998,-0.7331959025168909,1.3017523931476036,2
65,1,20,1.1849873093339613,7,0.4706957308789571,3,-1.378389761652293,No,Medium,0.5267277435150693,-0.7508596315381313,1.8022888804880721,1
66,0,18,-1.5586437266101607,6,0.5594225416007208,0,-0.6874675753604167,No,Low,-1.5862747693209474,2.1722322652774393,-0.8374452134622549,0
67,0,17,0.40109272763564074,4,0.027061677270138536,2,0.5059434736891881,No,Medium,0.2411868634020941,-0.550228258551209,-0.2534859782317086,1
68,1,20,1.5769346001831217,5,-0.2391187548951526,8,0.7571879050680523,No,Medium,0.98359315169583,-0.7773041738300462,0.20533913516372101,2
69,0,19,0.793040018484801,8,-0.6827528085039711,3,1.3224878756704967,No,High,1.5610202648131795,-0.47006322576777587,0.2112979028701546,2
70,0,18,-0.38280185406267986,8,-0.41657237633868,4,0.44313236584447213,Yes,Medium,0.3744392741214822,-0.027667766466187318,-0.06876417933225037,1
71,0,17,-1.5586437266101607,6,-1.037660051391026,6,-0.6874675753604167,Yes,Medium,-1.167481478488584,2.6574232497221484,-0.4441665448376015,0
72,0,21,-1.1666964357610003,8,-0.7714796192257348,4,0.8199990129127684,Yes,Low,-0.5646729538056362,0.918822222128606,-1.308187862270553,1
73,1,20,0.009145436786480443,8,1.5354174595401215,3,-1.6296341930311573,No,Low,-0.9327034215068042,-0.6286429631079298,0.6701230162655842,1
74,0,18,0.009145436786480443,4,-0.1503919441733889,1,-0.9387120067392809,No,High,-0.4441112488690463,-0.5154317334041641,0.4734836819532575,1
75,1,18,1.1849873093339613,7,-1.2151136728345535,1,1.510921199204645,No,Medium,1.6498552052927722,-0.5882103810708706,0.1159576195672088,2
76,0,19,0.40109272763564074,6,1.2692370273748306,3,-1.6296341930311573,No,Medium,-0.48218336621744357,-0.6899044510428679,1.0931955234224084,1
77,0,19,1.1849873093339613,4,-0.2391187548951526,9,1.510921199204645,Yes,Medium,1.5419842061389815,-0.6038320604942798,0.014658568557828027,2
78,0,21,-1.1666964357610003,7,-0.41657237633868,9,0.003454610931459811,Yes,High,-0.6915800116336253,0.8453084366066803,-0.6527234145627966,1
79,1,21,-0.7747491449118401,4,1.6241442702618853,8,0.9456212286022004,Yes,Medium,0.6980522715828547,0.5941363360734341,-0.24156844281884013,2
80,0,17,0.40109272763564074,4,-1.4812941049998445,7,-0.12216760475797228,Yes,Low,-0.6535078942852279,-0.7229856545277343,-0.49779545419550825,1
81,1,17,-0.7747491449118401,8,0.38196892015719336,2,-0.37341203613683643,Yes,High,-0.35527630838945456,0.1873600561854454,0.020617336264261835,1
82,0,21,0.40109272763564074,7,1.0030565952095394,8,1.1968656599810648,Yes,Low,1.5546749119217804,-0.29660569850056534,0.32451448929240395,2
83,1,21,0.40109272763564074,6,1.7128710809836492,4,0.9456212286022004,No,Low,0.9709024459130309,-0.4093268363008514,0.014658568557828027,2
84,0,20,-1.1666964357610003,6,-0.6827528085039711,2,1.699354522738793,No,High,-0.5075647777830408,0.9519034256134729,-2.088786431813426,1
85,1,19,0.793040018484801,7,-0.3278455656169163,4,-1.5668230851864413,Yes,Low,-0.16491572164747104,-0.7557167923672585,1.3315462316797744,1
86,1,17,-1.1666964357610003,8,1.446690648818358,9,0.44313236584447213,No,Medium,-0.05069936960228022,1.2165530534924054,-0.46800161566333753,1
87,0,19,0.40109272763564074,5,-1.303840483556317,3,-1.001523114583997,Yes,High,-0.272786720801261,-0.6494718690058087,0.6939580870913213,1
88,1,19,-1.5586437266101607,4,-0.1503919441733889,7,-0.24778982044740436,Yes,Low,-1.2436257131853772,2.569206707095838,-0.9327854967652013,0
89,0,21,-0.7747491449118401,8,-0.6827528085039711,4,-1.4412008694970093,No,Medium,-1.5228212404069528,-0.26352449501569886,-0.06280541162581571,0
90,0,20,-1.1666964357610003,7,0.4706957308789571,9,-0.49903425182626854,Yes,Medium,-0.7042707174164243,0.8379570580544876,-0.1879395334609333,1
91,0,18,0.793040018484801,4,-0.5940259977822074,7,0.6943767972233363,Yes,Low,1.2627886789174052,-0.5194224817610689,0.5271125913111643,2
92,0,20,-0.38280185406267986,6,0.9143297844877757,8,0.6943767972233363,Yes,Medium,-0.4441112488690463,-0.2647497247743975,-1.0757959217196207,1
93,0,20,1.1849873093339613,5,-1.4812941049998445,3,-0.9387120067392809,No,High,-0.34893095549805453,-0.877670911563453,0.5628651975497697,1
94,0,19,0.40109272763564074,6,1.6241442702618853,6,0.8199990129127684,No,Low,1.0914641508496208,-0.38604747088557495,0.24705050910876009,2
95,0,20,-0.38280185406267986,7,-1.1263868621127897,1,1.573732307049361,No,Medium,-0.20933319188726648,-0.1967494731666162,-1.6895489954823375,1
96,0,17,0.009145436786480443,4,0.38196892015719336,5,1.0712434442916325,No,Medium,0.41885674436127857,-0.31547423678452635,-0.6229295760306258,1
97,0,19,1.5769346001831217,7,-0.6827528085039711,7,-1.001523114583997,Yes,Low,0.3680939212300831,-0.8565356982258995,1.2957936254411697,1
98,0,17,0.793040018484801,4,1.0030565952095394,6,-0.9387120067392809,No,Low,0.8186139765194437,-0.5929362672829946,1.6592784555336528,2
99,0,18,1.5769346001831217,8,1.5354174595401215,6,-1.127145330273429,No,Low,1.618128440835775,-0.6956221899167954,2.58884621773738,2
100,1,19,0.793040018484801,5,1.5354174595401215,7,0.31751015015504,No,Low,1.503912088790585,-0.47951499819202326,1.1110718265417114,2
101,1,18,-1.5586437266101607,8,0.6481493523224845,6,0.7571879050680523,Yes,High,-0.34893095549805453,3.60575108295499,-1.04600208318745,1
102,0,19,1.1849873093339613,8,0.825602973766012,4,1.636543414894077,No,Low,1.1866444442206125,-0.6552917103596277,-0.4382077771311668,2
103,0,21,-0.38280185406267986,7,-1.5700209157216083,6,-0.7502786832051327,No,High,-0.41872983730344904,-0.25739834622220514,0.3185557215859692,1
104,0,20,-0.7747491449118401,5,0.6481493523224845,9,1.0712434442916325,Yes,High,-0.22202389767006556,0.23881970605079333,-1.2247651143804743,1
105,0,21,0.793040018484801,4,-1.5700209157216083,2,0.44313236584447213,Yes,Low,6.345352891519921e-05,-0.7284116720305431,-0.42033147401186455,1
106,0,18,-0.7747491449118401,4,1.1805102166530668,4,-1.5668230851864413,Yes,High,-1.3641874181219666,-0.2022630070807606,0.20533913516372101,0
107,0,20,1.1849873093339613,6,-0.41657237633868,6,-1.4412008694970093,Yes,Low,0.12062515846550421,-0.8096706599556719,1.480515424340628,1
108,0,19,0.40109272763564074,4,0.11578848799190225,8,-0.12216760475797228,No,Low,0.8313046823022427,-0.4362818909922241,0.8965561891100818,2
109,0,20,0.009145436786480443,7,1.0030565952095394,1,-1.064334222428713,Yes,Medium,0.2602229220762923,-0.3522311295454892,1.2540822514961305,1
110,1,17,-0.38280185406267986,8,1.5354174595401215,3,-1.315578653807577,No,Low,-0.044354016710881135,-0.14896551257736462,1.2064121098446576,1
111,0,20,1.1849873093339613,8,-1.1263868621127897,6,1.573732307049361,No,Medium,0.742469741822651,-0.7196162726913128,-0.7957338395172157,2
112,1,17,1.1849873093339613,8,-1.1263868621127897,0,-1.127145330273429,No,High,0.5394184492978684,-0.749021786900083,1.5758557076435749,1
113,0,20,-1.5586437266101607,5,-1.303840483556317,1,0.8828101207574844,No,Medium,-0.716961423199223,3.1793711269278213,-1.5107859642893136,1
114,0,17,1.5769346001831217,4,-0.5940259977822074,8,1.510921199204645,No,High,1.5292935003561823,-0.7070576676646506,0.0027410331449595647,2
115,1,18,0.009145436786480443,7,1.0030565952095394,9,0.3803212579997561,Yes,Low,0.7170883302570529,-0.2463712783939161,0.3125969538795354,2
116,0,21,-0.38280185406267986,5,1.2692370273748306,6,-1.5668230851864413,No,High,-0.32989489682385637,-0.23166852128953103,1.1766182713124869,1
117,1,19,0.40109272763564074,6,-0.9489332406692623,9,-1.252767545962861,No,High,-0.10780754562487563,-0.6176158952796409,1.0872367557159746,1
118,0,20,0.40109272763564074,7,-1.5700209157216083,6,0.19188793446560795,No,Low,-0.22836925056146554,-0.6408952606949175,-0.39649640318612844,1
119,0,21,-1.1666964357610003,7,-0.7714796192257348,5,-1.064334222428713,Yes,High,-1.6433829453435427,0.2939550451922376,-0.5335480604341136,0
120,1,19,1.1849873093339613,7,0.9143297844877757,2,1.0712434442916325,No,Low,1.357968972288397,-0.6304808077459779,0.2589680445216277,2
121,0,19,0.793040018484801,8,0.7368761630442482,9,-1.315578653807577,No,Medium,0.48231027327527304,-0.6485967048924526,1.7009898294786916,1
122,1,17,-1.5586437266101607,7,-1.392567294278081,2,1.0712434442916325,Yes,Low,-1.1040279495745895,2.7309370352440743,-2.053033825574821,0
123,0,18,0.009145436786480443,4,0.38196892015719336,1,-1.6296341930311573,No,Low,-0.22836925056146554,-0.4654423592492547,1.3315462316797744,1
124,1,18,0.40109272763564074,7,0.9143297844877757,5,-1.378389761652293,No,High,-0.32989489682385637,-0.6604989368340977,0.9978552401194624,1
125,1,21,-0.38280185406267986,8,0.027061677270138536,3,0.8199990129127684,Yes,Medium,0.3680939212300831,-0.029505611104235354,-0.432249009424733,1
126,0,18,-1.1666964357610003,7,-0.06166513345162517,4,0.254699042310324,No,Low,-0.2600960150184628,1.0952553073812277,-0.48587791878264064,1
127,0,20,-0.38280185406267986,6,1.6241442702618853,2,-0.49903425182626854,No,Medium,0.1777333344880996,-0.08464095024567962,0.6403291777334135,1
128,1,18,-1.5586437266101607,6,0.11578848799190225,5,0.3803212579997561,No,Medium,-0.9961569504207987,2.855910470631348,-1.2962703268576843,0
129,0,21,0.793040018484801,8,-1.4812941049998445,2,1.3852989835152127,No,High,1.2881700904830033,-0.5152216940169587,-0.1045167855708549,2
130,0,18,-1.1666964357610003,4,-0.6827528085039711,7,-0.7502786832051327,No,Low,-1.7512539444973332,0.2314683274986009,-0.9327854967652013,0
131,0,20,-1.1666964357610003,4,-0.06166513345162517,8,-0.18497871260268833,Yes,High,-0.8819405983756087,0.7350377583237918,-0.6527234145627966,1
132,1,17,1.5769346001831217,5,-0.6827528085039711,3,-1.001523114583997,Yes,Low,0.5584545079720666,-0.8320311030519242,1.474556656634194,1
133,1,21,0.009145436786480443,8,-0.3278455656169163,8,-1.315578653807577,Yes,Medium,-0.9517394801810023,-0.6330537902392454,0.35430832782457466,1
134,1,17,-1.1666964357610003,7,1.3579638380965942,6,0.6943767972233363,No,Low,-0.28547742658406006,1.0805525502768427,-0.9268267290587671,1
135,1,17,1.5769346001831217,8,1.091783405931303,2,-0.6874675753604167,No,Low,1.1295362681980172,-0.7585173175299985,1.71290736489156,2
136,1,17,1.5769346001831217,5,-1.7474745371651357,6,1.0712434442916325,No,Medium,0.850340740976441,-0.794457390451829,-0.21773337199310405,2
137,1,19,-1.5586437266101607,8,-0.5052991870604437,0,-1.064334222428713,Yes,Medium,-2.2842635873748867,1.3635806245362567,-1.135383598783962,0
138,1,19,-0.7747491449118401,8,-0.6827528085039711,2,-1.378389761652293,No,Low,-1.9416145312393167,-0.4252548231639353,-0.515671757314811,0
139,1,17,-0.38280185406267986,5,-0.3278455656169163,5,-0.31060092829212044,No,High,-0.03800866381948204,-0.1471276679393166,0.2589680445216277,1
140,1,21,0.793040018484801,4,0.29324210943542967,3,-0.059356496913256236,No,Low,0.7678511533882483,-0.6013378427712145,0.7773808349813989,2
141,0,20,-0.38280185406267986,7,-1.1263868621127897,6,1.1340545521363485,Yes,Medium,-0.1966424861044683,-0.19307378389052013,-1.2605177206190796,1
142,1,20,-1.1666964357610003,5,0.5594225416007208,2,-1.378389761652293,Yes,High,-1.4847491230585566,0.3858472770946447,-0.08664048245155263,0
143,0,18,0.793040018484801,6,0.20451529871366597,0,0.6315656893786202,No,Medium,1.4087317954195933,-0.49526795223243586,0.7237519256234921,2
144,0,21,0.40109272763564074,4,-1.1263868621127897,8,-1.6296341930311573,No,Medium,-0.10780754562487563,-0.6176158952796409,1.4447628181020233,1
145,0,19,-0.7747491449118401,6,-1.1263868621127897,5,-0.37341203613683643,No,High,-1.2499710660767767,-0.15815473576760533,-0.8195689103429525,0
146,1,17,0.40109272763564074,4,0.4706957308789571,7,-0.49903425182626854,Yes,Medium,-0.1966424861044683,-0.6347691119014237,0.28876188305379846,1
147,1,18,0.40109272763564074,7,-0.6827528085039711,2,-0.18497871260268833,Yes,Medium,0.2538775691848932,-0.5477777990338115,0.41389600488891615,1
148,1,20,0.009145436786480443,7,1.6241442702618853,7,-0.8130897910498488,Yes,Medium,0.43154745014407764,-0.3125336853636494,1.1766182713124869,1
149,1,19,-0.38280185406267986,8,1.446690648818358,1,1.3224878756704967,No,Medium,-0.012627252253883881,-0.1397762893871239,-1.2664764883255135,1
150,0,19,-1.5586437266101607,6,0.6481493523224845,3,0.06626571877617586,Yes,Medium,-0.8819405983756087,2.988235284570814,-0.8910741228201625,1
151,1,17,0.40109272763564074,4,0.38196892015719336,2,-1.252767545962861,No,Medium,-0.5837090124798344,-0.709508127182048,0.6403291777334135,1
152,1,20,-1.1666964357610003,7,-0.41657237633868,9,0.5687545815339042,No,Medium,-1.1611361255971844,0.5733074301755553,-1.6299613184179964,0
153,1,21,-0.7747491449118401,5,-1.6587477264433719,0,1.3224878756704967,Yes,Medium,-0.23471460345286463,0.23391878701599805,-1.4750333580507087,1
154,1,19,1.1849873093339613,7,-0.2391187548951526,6,1.510921199204645,No,Medium,1.0343559748270255,-0.6773458460162055,-0.46204284795690376,2
155,1,17,0.40109272763564074,5,-0.3278455656169163,9,0.31751015015504,Yes,Low,0.15235192292250146,-0.5673814751729919,-0.15814569492876257,1
156,0,21,-0.7747491449118401,4,0.825602973766012,1,-0.37341203613683643,No,Low,-0.1331889571904738,0.2731261392943585,0.22917420598945698,1
157,1,20,0.793040018484801,7,1.6241442702618853,3,1.3852989835152127,No,Medium,1.7006180284239676,-0.44695889317517057,0.28280311534736463,2
158,0,19,-0.38280185406267986,7,-0.6827528085039711,8,1.1968656599810648,Yes,Low,-0.012627252253883881,-0.1397762893871239,-1.1473011341968304,1
159,1,21,1.5769346001831217,4,1.0030565952095394,5,-1.4412008694970093,No,High,1.0597373863926236,-0.767502335760456,2.3624130448928824,2
160,0,21,0.009145436786480443,7,0.7368761630442482,7,0.6943767972233363,No,Low,0.7868872120624465,-0.23019824557909255,0.0802050133286033,2
161,1,21,-0.7747491449118401,5,0.825602973766012,1,-0.6246564675157006,No,Medium,-0.8057963636788151,0.013377430450220953,-0.16410446263519637,1
162,1,19,-1.1666964357610003,7,-0.2391187548951526,6,0.6315656893786202,No,Medium,-1.2880431834251735,0.49979364465362963,-1.808724349611021,0
163,0,19,-1.1666964357610003,6,-0.6827528085039711,5,1.636543414894077,No,Low,-0.786760305004617,0.790173097465236,-2.2913845338321868,1
164,0,18,-0.7747491449118401,8,0.027061677270138536,8,1.573732307049361,No,Medium,0.41885674436127857,0.4863161173079432,-1.0996309925453578,1
165,0,20,-1.1666964357610003,5,0.825602973766012,6,0.5687545815339042,No,High,-0.9580848330724019,0.6909294870106365,-1.4392807518121038,1
166,1,17,-0.38280185406267986,6,0.027061677270138536,0,0.1290768266208919,No,High,0.15235192292250146,-0.0919923287978723,0.020617336264261835,1
167,0,21,-1.1666964357610003,4,-0.3278455656169163,7,1.4481100913599287,Yes,Medium,-0.532946189348639,0.9372006685090875,-1.8742707943817967,1
168,1,18,1.5769346001831217,5,1.7128710809836492,9,0.19188793446560795,Yes,High,2.3161172588897143,-0.6057720076122195,1.9929694470939652,2
169,1,17,-1.1666964357610003,8,-0.1503919441733889,2,-1.127145330273429,No,High,-1.9796866485877134,0.09914351355913462,-0.7897750718107818,0
170,0,18,1.5769346001831217,8,-0.5052991870604437,1,-0.8130897910498488,No,Low,1.3072061491572016,-0.7356463620342883,1.9989282148003988,2
171,0,19,0.40109272763564074,4,-1.037660051391026,2,0.8828101207574844,Yes,High,0.48231027327527304,-0.5036695277206561,-0.38457886777326,1
172,1,21,-1.5586437266101607,4,-0.9489332406692623,5,1.2596767678257808,No,Low,-0.8057963636788151,3.076451827197125,-1.9517347745654403,1
173,1,17,-0.38280185406267986,5,0.9143297844877757,2,1.0084323364469165,Yes,Medium,0.1269705113569042,-0.09934370735006472,-0.8374452134622549,1
174,0,17,-1.5586437266101607,7,0.20451529871366597,9,-0.6246564675157006,Yes,Low,-2.0812122948501046,1.5988247382064187,-1.36181677162846,0
175,0,17,0.40109272763564074,4,0.825602973766012,4,-0.31060092829212044,Yes,Medium,0.7805418591710473,-0.44608372906181426,1.027649078651633,2
176,0,17,-0.38280185406267986,7,1.091783405931303,5,0.31751015015504,No,Medium,0.13966121713970328,-0.09566801807396838,-0.17006323034163018,1
177,1,17,-0.7747491449118401,6,-1.037660051391026,7,-0.7502786832051327,No,Medium,-1.5735840635381486,-0.283128171154879,-0.7659400009850453,0
178,1,18,-0.7747491449118401,8,-1.7474745371651357,6,1.636543414894077,No,Medium,-0.1902971332130683,0.25107200363778076,-1.7312603694273772,1
179,1,21,1.5769346001831217,7,1.2692370273748306,7,0.6315656893786202,Yes,Medium,1.7006180284239676,-0.6850035320080727,0.9978552401194624,2
180,1,19,0.40109272763564074,8,-0.8602064299474986,2,0.44313236584447213,Yes,Low,0.08889839400850696,-0.5796337727599794,-0.33690872612178696,1
181,1,19,1.5769346001831217,7,1.1805102166530668,3,0.3803212579997561,Yes,Medium,1.3262422078313998,-0.7331959025168909,0.8846386536972132,2
182,1,19,0.009145436786480443,6,-0.41657237633868,5,0.003454610931459811,No,High,-0.4377658959776472,-0.5139614576937257,-0.4143727063054307,1
183,0,19,-1.1666964357610003,4,-1.037660051391026,6,-1.6296341930311573,Yes,High,-1.421295594144562,0.42260416985560756,0.2112979028701546,0
184,1,18,1.1849873093339613,6,1.0030565952095394,8,0.1290768266208919,Yes,Medium,1.123190915306618,-0.6644809335498685,0.9323087953486872,2
185,1,20,0.009145436786480443,4,-0.5052991870604437,0,-0.9387120067392809,No,High,-0.7740695992218178,-0.5918860703469669,0.1636277612186817,1
186,1,21,-1.1666964357610003,4,-0.7714796192257348,7,0.8199990129127684,Yes,Low,-0.24740530923566373,1.1026066859334203,-1.0102494769488453,1
187,0,17,-0.38280185406267986,8,1.091783405931303,7,-0.7502786832051327,Yes,Low,-0.03800866381948204,-0.1471276679393166,0.676081783972018,1
188,1,20,1.5769346001831217,6,-0.5940259977822074,5,-1.4412008694970093,No,Medium,0.01909951220311337,-0.9014607893781873,1.385175141037682,1
189,1,19,-0.38280185406267986,7,-1.1263868621127897,3,1.699354522738793,No,Medium,0.09524374689990694,-0.10853293054030543,-1.5227034997021816,1
190,0,20,-0.38280185406267986,6,-1.1263868621127897,2,0.003454610931459811,Yes,Medium,-0.20933319188726648,-0.1967494731666162,-0.19985706887380092,1
191,1,21,-1.1666964357610003,8,0.5594225416007208,2,1.573732307049361,No,High,-0.5456368951314381,0.9298492899568948,-2.0053636839233486,1
192,1,17,0.40109272763564074,4,-0.7714796192257348,5,0.6943767972233363,Yes,High,0.7170883302570529,-0.45833602664880196,0.014658568557828027,2
193,1,17,-1.1666964357610003,8,-1.7474745371651357,7,1.0712434442916325,No,Low,-0.7359974818734211,0.8195786116740065,-1.7074252986016403,1
194,1,21,0.793040018484801,5,1.7128710809836492,6,-0.49903425182626854,Yes,High,0.9582117401302318,-0.5698319346903892,1.3732576056248136,2
195,1,21,-0.7747491449118401,5,-0.8602064299474986,0,-0.24778982044740436,No,Low,-0.7613788934390188,0.030530647072003685,-0.47991915107620603,1
196,0,19,-0.7747491449118401,7,1.6241442702618853,5,-0.059356496913256236,Yes,High,-0.02531795803668296,0.3147839510901167,0.032534871677130296,1
197,0,17,0.009145436786480443,8,0.9143297844877757,6,0.1290768266208919,No,Low,0.46961956749247397,-0.30371203110101824,0.3185557215859692,1
198,0,20,-0.7747491449118401,7,-0.3278455656169163,6,1.0712434442916325,No,Medium,-0.4314205430862472,0.15795454197667522,-1.421404448692801,1
199,1,18,-1.1666964357610003,7,1.091783405931303,8,-0.059356496913256236,No,High,-0.7106160703078234,0.8342813687783915,-0.6110120406177574,1
200,1,18,1.5769346001831217,5,1.0030565952095394,9,-0.12216760475797228,No,Low,1.9100146738401493,-0.6580484773167001,1.9095466992038868,2
201,1,21,-1.1666964357610003,7,0.7368761630442482,4,-1.315578653807577,No,High,-1.7385632387145344,0.23881970605079333,-0.38457886777326,0
202,0,19,-1.1666964357610003,5,0.027061677270138536,0,0.8828101207574844,No,Medium,-0.6217811298282307,0.8857410186437398,-1.421404448692801,1
203,1,18,1.1849873093339613,4,0.027061677270138536,1,1.1968656599810648,No,Low,0.8376500351936428,-0.7058324379059517,-0.3488262615346546,2
204,1,17,1.5769346001831217,8,1.7128710809836492,3,1.573732307049361,Yes,High,1.9227053796229483,-0.6564148376384352,0.3125969538795354,2
205,0,21,0.793040018484801,7,0.20451529871366597,4,0.6315656893786202,Yes,High,1.0914641508496208,-0.5477777990338115,0.42581354030178453,2
206,1,20,-0.7747491449118401,5,-1.303840483556317,8,-1.4412008694970093,No,Medium,-2.100248353524303,-0.48651631109887356,-0.6050532729113232,0
207,0,21,1.5769346001831217,6,0.11578848799190225,0,-0.31060092829212044,No,Medium,1.0089745632614273,-0.7740368944735162,1.242164716083262,2
208,0,20,-0.7747491449118401,7,1.5354174595401215,2,0.003454610931459811,Yes,Low,-0.7804149521132174,0.023179268519811273,-0.7361461624528746,1
209,0,21,0.009145436786480443,4,1.446690648818358,4,0.3803212579997561,Yes,High,-0.012627252253883881,-0.41545298509434525,-0.3726613323603915,1
210,1,21,1.5769346001831217,4,-1.1263868621127897,2,1.573732307049361,No,High,1.4404585598765907,-0.7184931454125056,-0.14026939180945946,2
211,1,21,-0.7747491449118401,6,1.2692370273748306,3,-0.8130897910498488,Yes,Medium,-1.1040279495745895,-0.10179416686746236,-0.26540351364457704,0
212,1,20,0.793040018484801,5,-0.8602064299474986,2,0.254699042310324,Yes,Medium,0.07620768822570878,-0.7158093087982129,-0.17006323034163018,1
213,1,20,-1.5586437266101607,7,0.29324210943542967,3,-0.12216760475797228,No,Low,-0.970775538855201,2.8853159848401186,-0.7957338395172161,0
214,1,21,-0.38280185406267986,5,0.027061677270138536,0,1.2596767678257808,No,High,0.038135570877311536,-0.12507353228273882,-1.159218669609699,1
215,1,18,-0.38280185406267986,4,-1.6587477264433719,7,0.19188793446560795,No,High,-1.0723011851175923,-0.44669634394116375,-1.1890125081418699,0
216,1,19,0.793040018484801,5,1.7128710809836492,3,-0.5618453596709846,Yes,Low,0.5521091550806675,-0.6370445385961498,1.0514841494773701,1
217,0,19,1.1849873093339613,4,-0.1503919441733889,6,-1.189956438118145,No,Low,0.9137942698904354,-0.694805370077663,1.9870106793875308,2
218,1,19,-1.5586437266101607,5,1.6241442702618853,1,0.06626571877617586,No,Medium,-0.8629045397014101,3.0102894202273927,-0.8731978197008597,1
219,0,20,0.009145436786480443,6,0.6481493523224845,1,1.636543414894077,Yes,Medium,0.8313046823022427,-0.2199063156060229,-0.7718987686914796,2
220,1,20,0.793040018484801,8,-0.3278455656169163,5,1.4481100913599287,No,Low,1.5610202648131795,-0.47006322576777587,0.09212254874147166,2
221,1,18,-0.38280185406267986,6,-1.303840483556317,1,0.6943767972233363,Yes,Low,-0.6027450711540325,-0.3106958407256011,-1.2247651143804743,1
222,1,19,-0.38280185406267986,6,-0.1503919441733889,5,-1.5040119773417253,Yes,High,-1.116718655357388,-0.4595612564075007,0.378143398650311,0
223,0,19,-0.38280185406267986,8,1.5354174595401215,1,-1.5668230851864413,Yes,Low,-1.224589654511179,-0.4908046152543191,0.336432024705272,0
224,0,21,0.40109272763564074,8,0.6481493523224845,3,0.06626571877617586,Yes,Low,0.4505835088182758,-0.5097956765141498,0.3602670955310083,1
225,0,20,0.793040018484801,7,-1.6587477264433719,6,1.510921199204645,Yes,High,1.4277678540937915,-0.4921173614243536,-0.09259925015798645,2
226,0,19,-1.1666964357610003,7,1.5354174595401215,7,-1.064334222428713,Yes,Low,-1.5291665932983525,0.3601174521619709,-0.42629024171829877,0
227,1,18,0.009145436786480443,6,1.446690648818358,2,0.31751015015504,No,Medium,0.025444865094512457,-0.4066313308317142,-0.27732104905744553,1
228,0,18,-0.38280185406267986,6,-1.4812941049998445,8,0.6315656893786202,No,Medium,-0.34893095549805453,-0.23718205520367538,-0.9268267290587671,1
229,1,19,-0.7747491449118401,4,0.11578848799190225,1,-1.064334222428713,No,High,-0.7550335405476197,0.03298110658940159,0.3006794184666668,1
230,1,20,0.793040018484801,4,0.4706957308789571,7,-0.059356496913256236,Yes,Low,0.10793445268270603,-0.7105583241180755,0.1576689935122479,1
231,0,18,0.40109272763564074,7,1.3579638380965942,7,0.31751015015504,No,Medium,0.6409440955602593,-0.4730387837531869,0.3006794184666668,2
232,0,21,0.793040018484801,7,-0.6827528085039711,3,-0.4362231439815525,Yes,Medium,0.34271250966448497,-0.6717010374850577,0.7356694610363594,1
233,0,18,0.009145436786480443,4,1.0030565952095394,0,0.6943767972233363,No,Medium,1.0343559748270255,-0.1728574928719904,0.3125969538795354,2
234,0,17,0.40109272763564074,4,-0.3278455656169163,0,0.19188793446560795,Yes,Medium,0.48231027327527304,-0.5036695277206561,0.2708855799344961,1
235,0,17,0.009145436786480443,5,1.3579638380965942,1,0.6315656893786202,No,Low,0.8947582112162373,-0.20520355850163782,0.24109174140232534,2
236,0,20,0.793040018484801,5,-0.1503919441733889,8,1.1340545521363485,Yes,Low,0.6472894484516593,-0.6212915845557373,-0.46800161566333753,2
237,0,19,-1.1666964357610003,4,1.2692370273748306,1,-1.6296341930311573,No,Low,-1.9416145312393167,0.12119764921571237,-0.2773210490574451,0
238,0,20,0.009145436786480443,5,1.7128710809836492,1,-0.059356496913256236,Yes,Low,0.9455210343474327,-0.19344135281812969,0.9442263307615546,2
239,1,20,0.40109272763564074,8,0.6481493523224845,5,0.5059434736891881,No,Medium,0.8186139765194437,-0.43873235050962184,0.28876188305379846,2
240,0,20,0.40109272763564074,7,-1.7474745371651357,6,-1.064334222428713,Yes,High,-1.0913372437917903,-0.807526507877949,-0.015135269974342707,0
241,0,20,0.009145436786480443,7,-0.2391187548951526,6,1.1968656599810648,No,High,0.08255304111710787,-0.3933988494377675,-1.0579196186003184,1
242,1,21,0.793040018484801,4,1.7128710809836492,8,-0.6246564675157006,No,Medium,0.3998206856870804,-0.6622492650608102,0.9680614015872917,1
243,0,21,1.1849873093339613,6,1.091783405931303,5,-1.6924453008758733,No,Medium,0.723433683148452,-0.7223730396483851,2.284949064709238,2
244,1,18,0.793040018484801,4,-0.7714796192257348,7,0.44313236584447213,Yes,High,0.8693767996506401,-0.5845346917947745,0.39601970176961376,2
245,1,17,0.009145436786480443,5,-1.1263868621127897,5,0.44313236584447213,Yes,High,-0.22202389767006556,-0.46397208353881625,-0.6288883437370597,1
246,0,20,-1.5586437266101607,6,0.29324210943542967,1,0.19188793446560795,Yes,Medium,-1.5418572990811514,2.223691915142787,-1.6299613184179964,0
247,1,18,0.009145436786480443,5,-0.41657237633868,0,0.003454610931459811,Yes,Medium,-0.3108588381496582,-0.4845559434849554,-0.2951973521767478,1
248,1,17,-1.1666964357610003,8,-1.4812941049998445,4,0.6943767972233363,Yes,Low,-0.3870030728464518,1.021741521859302,-1.0221670123617137,1
249,1,19,0.009145436786480443,5,1.5354174595401215,8,-1.6924453008758733,No,Low,0.1840786873794987,-0.3698744380707514,1.7784538096623357,1
250,1,21,0.009145436786480443,8,0.5594225416007208,7,-0.18497871260268833,Yes,High,0.3300218038816868,-0.3360580967306654,0.48540121736612596,1
251,0,17,-1.1666964357610003,8,-1.037660051391026,3,0.9456212286022004,No,Medium,-1.2055535958369803,0.5475776052428815,-2.0291987547490846,0
252,1,19,0.009145436786480443,5,-0.41657237633868,4,0.6315656893786202,No,High,0.7043976244742538,-0.24931182981479333,0.062328710209300926,2
253,0,17,-0.38280185406267986,5,-0.7714796192257348,4,-0.49903425182626854,Yes,Low,-0.7804149521132174,-0.36215549059094915,-0.2594447459381428,1
254,1,21,-1.5586437266101607,8,0.9143297844877757,5,-1.5668230851864413,No,Low,-1.548202651972551,2.2163405365905944,0.032534871677130296,0
255,1,21,-0.7747491449118401,6,0.29324210943542967,2,1.4481100913599287,Yes,High,0.23484151051069505,0.41525279130341514,-1.1532599019032643,1
256,1,18,-1.5586437266101607,8,-0.5940259977822074,4,-1.6296341930311573,Yes,Low,-1.8337435320855262,1.8855285017419288,-0.17602199804806484,0
257,1,20,0.009145436786480443,7,0.38196892015719336,1,-0.6246564675157006,Yes,Medium,-0.2029878389958674,-0.4595612564075007,0.4019784694760476,1
258,0,17,-0.38280185406267986,8,1.1805102166530668,9,1.0084323364469165,No,High,0.6917069186914547,0.0642244654362198,-0.30711488758961625,2
259,0,17,0.793040018484801,6,-1.5700209157216083,0,-1.127145330273429,Yes,Medium,-0.5075647777830408,-0.812427426912744,0.5926590360819405,1
260,1,19,0.009145436786480443,7,0.29324210943542967,0,-1.4412008694970093,Yes,Medium,-0.8057963636788151,-0.5992374488991595,0.6105353392012427,1
261,1,21,-0.38280185406267986,4,-1.037660051391026,9,-1.189956438118145,Yes,Low,-1.5608933577553497,-0.5882103810708706,-0.3369087261217866,0
262,0,17,-1.1666964357610003,4,0.4706957308789571,6,-1.6296341930311573,No,Medium,-1.351496712339168,0.46303675189266674,0.2768443476409305,0
263,1,21,-0.38280185406267986,6,-0.06166513345162517,1,0.3803212579997561,Yes,High,-0.01897260514528297,-0.14161413402517195,-0.37862010006682534,1
264,1,17,-1.1666964357610003,8,1.7128710809836492,3,0.6315656893786202,No,Medium,0.20946009894509687,1.3672563138123528,-0.4024551708925623,1
265,1,18,1.1849873093339613,5,-0.9489332406692623,4,0.19188793446560795,No,Medium,1.3008607962658025,-0.6387511086171945,1.0395666140645017,2
266,0,20,-0.7747491449118401,6,-0.1503919441733889,6,-1.127145330273429,Yes,Medium,-0.5837090124798344,0.09914351355913462,0.5211538236047305,1
267,0,17,1.5769346001831217,7,-1.5700209157216083,1,1.3852989835152127,No,Medium,0.8884128583248382,-0.7895564714170338,-0.47991915107620603,2
268,0,21,-0.38280185406267986,7,0.29324210943542967,5,-1.001523114583997,No,Medium,-0.8184870694616142,-0.37318255841923803,0.18150406433798386,1
269,1,18,0.40109272763564074,4,-1.392567294278081,0,0.5059434736891881,Yes,Low,0.5711452137548657,-0.48651631109887356,0.05636994250286733,1
270,1,17,0.009145436786480443,7,-1.5700209157216083,6,1.636543414894077,Yes,High,-0.21567854477866646,-0.46250180782837774,-1.7550954402531136,1
271,0,19,-1.5586437266101607,6,0.5594225416007208,8,-0.4362231439815525,Yes,Low,-1.4847491230585566,2.2898543221125203,-0.9804556384166746,0
272,0,20,1.5769346001831217,7,-0.41657237633868,4,1.3224878756704967,No,High,1.4277678540937915,-0.7201267850907707,0.08616378103503806,2
273,0,17,-1.5586437266101607,6,-0.5052991870604437,4,1.1968656599810648,Yes,High,-0.5456368951314381,3.37785834783702,-1.6478376215372996,1
274,0,18,1.1849873093339613,5,1.2692370273748306,3,-1.378389761652293,No,High,0.6980522715828547,-0.7260487289244814,1.9631756085617944,2
275,1,19,1.5769346001831217,4,-0.7714796192257348,2,1.2596767678257808,No,High,2.024231025885339,-0.6433457202123148,0.7058756225041888,2
276,0,18,1.5769346001831217,7,0.4706957308789571,8,1.3224878756704967,No,High,2.4430243167177035,-0.5894356108295694,1.0395666140645017,2
277,1,18,-1.5586437266101607,6,1.1805102166530668,4,-1.5668230851864413,No,Medium,-1.6180015337779445,2.135475372516477,-0.033011573093644976,0
278,0,19,-1.1666964357610003,8,0.20451529871366597,7,-1.127145330273429,No,Low,-1.5228212404069528,0.36379314143806724,-0.36074379694752307,0
279,1,18,-1.5586437266101607,4,0.9143297844877757,8,-1.4412008694970093,Yes,Low,-2.0685215890673057,1.613527495310804,-0.5752594343791524,0
280,0,19,-1.1666964357610003,5,-0.06166513345162517,4,1.1340545521363485,Yes,Medium,-0.4758380133260436,0.9702818719939542,-1.5227034997021816,1
281,0,17,1.1849873093339613,6,-0.7714796192257348,9,-0.12216760475797228,No,High,0.5774905666462647,-0.7435082529859387,0.6582054808527159,1
282,0,19,0.009145436786480443,5,0.20451529871366597,8,-0.4362231439815525,No,Low,-0.22836925056146554,-0.4654423592492547,0.19938036745728624,1
283,0,19,0.793040018484801,5,-1.4812941049998445,1,1.0712434442916325,Yes,Medium,0.20946009894509687,-0.6937551731416355,-0.8195689103429525,1
284,1,20,-1.1666964357610003,7,0.20451529871366597,8,-0.12216760475797228,Yes,Medium,-0.6090904240454326,0.8930923971959319,-0.4560840802504699,1
285,0,19,1.1849873093339613,7,-1.7474745371651357,3,0.6315656893786202,No,Low,0.5457638021892676,-0.748102864581059,-0.08664048245155263,1
286,1,19,0.40109272763564074,6,0.38196892015719336,5,1.0084323364469165,No,Low,1.345278266505599,-0.3370382805376245,0.30663818617310157,2
287,1,17,1.1849873093339613,8,-1.6587477264433719,5,-0.12216760475797228,Yes,High,0.3871299799042813,-0.7710759225566608,0.47944244965969135,1
288,1,20,-1.5586437266101607,6,0.825602973766012,5,-1.252767545962861,Yes,High,-1.3768781239047656,2.414827757499794,-0.1045167855708549,0
289,1,21,-1.5586437266101607,8,-1.5700209157216083,1,-1.4412008694970093,No,Low,-1.8400888849769252,1.8781771231897366,-0.36074379694752307,0
290,0,17,0.793040018484801,5,0.027061677270138536,6,-0.8130897910498488,Yes,High,0.40616603857847944,-0.6611990681247827,1.1527832004867498,1
291,1,17,1.1849873093339613,4,0.38196892015719336,5,-0.7502786832051327,Yes,Medium,0.3807846270128822,-0.7719948448756848,1.0693604525966722,1
292,1,21,-0.7747491449118401,6,-0.06166513345162517,0,-1.6924453008758733,No,High,-0.7931056578960161,0.018278349485016245,0.8608035828714771,1
293,1,19,0.009145436786480443,6,0.11578848799190225,1,-0.7502786832051327,No,High,0.1967693931622978,-0.3669338866498743,0.8965561891100818,1
294,0,18,-1.5586437266101607,8,0.027061677270138536,6,0.5687545815339042,No,Medium,-1.1294093611401872,2.7015315210353044,-1.6001674798858259,0
295,0,20,0.793040018484801,5,1.091783405931303,0,-1.5668230851864413,Yes,High,-0.3045134852582582,-0.7788211249598634,1.2004533421382237,1
296,0,18,0.009145436786480443,5,1.5354174595401215,0,1.510921199204645,No,Medium,1.5419842061389815,-0.055235436036909454,0.014658568557828027,2
297,0,21,1.1849873093339613,8,-0.5052991870604437,0,1.1968656599810648,Yes,High,1.4214225012023916,-0.6212915845557373,0.19938036745728624,2
298,1,17,1.1849873093339613,5,-0.5052991870604437,7,0.19188793446560795,No,Low,0.3807846270128822,-0.7719948448756848,0.17554529663155027,1
299,1,17,1.5769346001831217,7,0.38196892015719336,3,-0.9387120067392809,No,High,0.9391756814560336,-0.7830219127039737,1.7724950419559016,2
300,0,20,0.793040018484801,4,0.027061677270138536,3,-0.7502786832051327,Yes,Low,-0.2664413679098619,-0.7725199433436987,0.4615661465403891,1
301,1,17,-1.5586437266101607,6,0.29324210943542967,1,1.699354522738793,Yes,Low,-0.9327034215068042,2.9294242561532737,-2.4880238681445137,1
302,1,17,-0.7747491449118401,4,-1.392567294278081,0,0.9456212286022004,No,Low,-0.45680195465184537,0.14815270390708515,-1.3260641653898548,1
303,1,20,1.1849873093339613,6,-1.303840483556317,9,-0.4362231439815525,No,Low,0.3998206856870804,-0.7692380779186127,0.7892983703942671,1
304,0,20,-0.7747491449118401,7,0.20451529871366597,8,-1.6296341930311573,Yes,Low,-1.662419004017741,-0.3174346043984444,-0.015135269974342707,0
305,0,21,1.1849873093339613,5,-1.4812941049998445,6,1.636543414894077,No,Medium,1.1993351500034106,-0.6534538657215797,-0.4262902417182992,2
306,1,17,-1.5586437266101607,8,0.5594225416007208,3,-0.059356496913256236,Yes,Medium,-1.4593677114929584,2.319259836321291,-1.3141466299769864,0
307,0,17,0.009145436786480443,7,-0.2391187548951526,5,0.6315656893786202,Yes,Medium,-0.39969377862925,-0.5051398034310947,-0.9744968707102399,1
308,0,21,-0.38280185406267986,4,0.027061677270138536,1,-0.12216760475797228,No,Low,-0.3933484257378509,-0.25004696767001244,-0.2534859782317086,1
309,0,19,0.009145436786480443,8,0.6481493523224845,6,0.6315656893786202,Yes,High,0.6155626839946621,-0.26989568976093237,-0.021094037680776515,1
310,0,19,1.1849873093339613,5,1.2692370273748306,1,1.1340545521363485,Yes,Medium,2.1574834366047284,-0.514696595548945,0.9501850984679893,2
311,0,19,-0.38280185406267986,7,0.11578848799190225,9,-0.18497871260268833,Yes,High,-0.6535078942852279,-0.3253985978299862,-0.4382077771311668,1
312,1,21,-0.38280185406267986,8,1.7128710809836492,7,-1.064334222428713,No,High,0.09524374689990694,-0.10853293054030543,1.099154291128843,1
313,0,17,-0.7747491449118401,7,0.20451529871366597,7,-1.252767545962861,Yes,Low,-0.49487407200024175,0.1334499468027001,0.7237519256234921,1
314,1,21,0.793040018484801,7,-1.5700209157216083,0,-1.252767545962861,No,Low,0.13966121713970328,-0.7053073394379378,1.3196286962669066,1
315,1,21,-0.7747491449118401,5,1.7128710809836492,7,0.31751015015504,No,Low,0.14600657003110237,0.38094635805984944,-0.16410446263519637,1
316,0,19,-0.7747491449118401,6,-0.9489332406692623,1,1.573732307049361,No,Medium,0.14600657003110237,0.38094635805984944,-1.3558580039220256,1
317,1,18,0.009145436786480443,8,0.38196892015719336,5,-1.315578653807577,Yes,Low,-0.6090904240454326,-0.5536589018755657,0.676081783972018,1
318,1,17,0.009145436786480443,5,-1.1263868621127897,0,0.6315656893786202,Yes,Medium,0.17138798159670054,-0.3728149894916282,-0.4382077771311668,1
319,1,19,0.40109272763564074,7,-0.8602064299474986,4,-0.4362231439815525,No,Medium,-0.012627252253883881,-0.5992374488991595,0.4019784694760476,1
320,0,18,1.1849873093339613,5,-1.392567294278081,6,-1.252767545962861,No,Medium,-0.07608078116787838,-0.838157251845418,1.1170305942481453,1
321,0,18,0.40109272763564074,6,1.446690648818358,9,1.4481100913599287,Yes,Medium,1.624473793727174,-0.283128171154879,0.15171022580581314,2
322,1,20,-1.5586437266101607,8,1.5354174595401215,0,1.636543414894077,No,Low,0.1967693931622978,4.237969638443551,-1.3677755393348943,1
323,0,17,1.1849873093339613,6,0.7368761630442482,1,-0.4362231439815525,No,Medium,1.4721853243335878,-0.6139402060035446,1.7963301127816385,2
324,0,18,1.1849873093339613,4,-1.392567294278081,6,-0.49903425182626854,Yes,Low,0.609217331103262,-0.7389136413908184,1.0455253817709353,1
325,0,19,1.5769346001831217,8,-1.037660051391026,5,-1.252767545962861,No,Low,0.8249593294108437,-0.7977246698083589,1.9631756085617944,2
326,0,20,1.5769346001831217,6,-1.6587477264433719,2,1.1340545521363485,Yes,Medium,0.7678511533882483,-0.8050760483605515,-0.35478502924108923,2
327,1,17,-1.1666964357610003,7,-1.7474745371651357,9,0.19188793446560795,Yes,Low,-0.9009766570498069,0.724010690495503,-1.0281257800681476,1
328,1,21,-1.1666964357610003,8,1.7128710809836492,1,1.3852989835152127,No,High,-0.37431236706365273,1.0290929004114946,-1.6657139246566015,1
329,0,19,-0.7747491449118401,8,0.825602973766012,9,0.06626571877617586,Yes,Low,-0.9073220099412065,-0.025829921828139018,-0.914909193645899,1
330,0,18,-1.5586437266101607,5,-0.8602064299474986,3,1.2596767678257808,Yes,Low,-0.9771208917466004,2.8779646062879256,-2.1126215026391626,0
331,1,18,-0.38280185406267986,7,0.6481493523224845,2,-1.189956438118145,Yes,Medium,-0.12049825140767471,-0.17101964823394236,1.0157315432387646,1
332,1,19,-0.38280185406267986,4,-0.7714796192257348,6,-0.8130897910498488,No,Medium,-1.1611361255971844,-0.4724261688738377,-0.3190324230024843,0
333,0,18,1.5769346001831217,6,1.6241442702618853,7,0.1290768266208919,No,Low,1.4468039127679897,-0.7176763255733731,1.2362059483768282,2
334,1,20,1.5769346001831217,5,0.4706957308789571,1,-0.12216760475797228,No,Medium,1.5419842061389815,-0.7054240279863855,1.5639381722307064,2
335,0,17,1.5769346001831217,6,-0.6827528085039711,9,-1.127145330273429,Yes,High,0.1904240402708987,-0.8794066537216095,1.2481234837896966,1
336,0,20,0.793040018484801,4,-1.1263868621127897,6,0.06626571877617586,Yes,High,0.5774905666462647,-0.6328437508520397,0.47944244965969135,1
337,1,18,-1.1666964357610003,4,0.6481493523224845,7,1.636543414894077,No,Medium,0.006408806420314289,1.2496342569772716,-1.5465385705279187,1
338,1,21,0.009145436786480443,8,0.825602973766012,5,-0.7502786832051327,No,Low,-0.15857036875607106,-0.4492693264344311,0.5628651975497697,1
339,0,17,-0.38280185406267986,4,-1.037660051391026,5,0.5059434736891881,Yes,High,-0.8755952454842092,-0.3897231601616713,-1.3022290945641184,1
340,0,17,1.1849873093339613,6,1.6241442702618853,9,-0.49903425182626854,No,High,0.8122686236280446,-0.709508127182048,1.2362059483768282,2
341,1,19,-1.1666964357610003,7,0.9143297844877757,0,1.0712434442916325,No,Low,-0.48218336621744357,0.9666061827178576,-1.4690745903442748,1
342,0,19,0.40109272763564074,7,0.027061677270138536,3,1.636543414894077,No,Medium,0.5711452137548657,-0.48651631109887356,-1.0162082446552791,1
343,1,21,0.009145436786480443,8,1.1805102166530668,0,0.5687545815339042,No,High,0.5774905666462647,-0.2787173440235635,0.0027410331449595647,1
344,0,17,-1.1666964357610003,6,0.9143297844877757,3,-0.37341203613683643,No,Low,-0.6217811298282307,0.8857410186437398,-0.22965090740597166,1
345,1,21,-1.5586437266101607,6,0.38196892015719336,1,-1.315578653807577,Yes,Low,-1.8781610023253221,1.834068851876581,-0.515671757314811,0
346,1,19,1.1849873093339613,4,-0.7714796192257348,4,-0.31060092829212044,No,High,0.43789280303547673,-0.7637245440044683,0.7058756225041888,1
347,1,19,-1.1666964357610003,6,-1.7474745371651357,9,0.8199990129127684,No,Medium,-0.7740695992218178,0.7975244760174287,-1.5048271965828794,1
348,0,17,0.793040018484801,5,0.11578848799190225,8,0.7571879050680523,Yes,High,1.503912088790585,-0.47951499819202326,0.6939580870913213,2
349,0,20,1.5769346001831217,4,1.7128710809836492,9,0.06626571877617586,Yes,Low,1.884633262274552,-0.66131575667323,1.7069485971851261,2
350,1,18,1.5769346001831217,5,1.446690648818358,2,-0.7502786832051327,Yes,High,1.4341132069851905,-0.7193099652516382,2.0585158918647406,2
351,0,19,1.1849873093339613,8,-1.7474745371651357,7,0.6315656893786202,Yes,Medium,0.22849615761929504,-0.7940489805322626,-0.38457886777326,1
352,1,19,1.5769346001831217,7,-1.7474745371651357,2,0.003454610931459811,No,Low,1.4341132069851905,-0.7193099652516382,1.3434637670926428,2
353,1,20,-1.1666964357610003,8,0.027061677270138536,5,1.2596767678257808,No,Medium,-1.040574420660595,0.6431455264213847,-2.172209179703504,0
354,0,20,0.40109272763564074,7,-0.5052991870604437,3,0.6315656893786202,No,High,0.05082627666011062,-0.5869851513121719,-0.551424363553416,1
355,0,21,-0.38280185406267986,8,-0.3278455656169163,7,0.19188793446560795,No,High,-0.3425856026066555,-0.23534421056562735,-0.503754221901943,1
356,1,21,-0.38280185406267986,6,0.11578848799190225,5,-0.8759008988945648,Yes,Medium,-1.1230640082487877,-0.4613991010455488,-0.22369213969953786,0
357,0,18,0.009145436786480443,5,1.5354174595401215,7,1.573732307049361,Yes,High,1.5673656177045796,-0.04935433319515526,-0.021094037680776515,2
358,0,18,-0.7747491449118401,7,1.2692370273748306,0,0.31751015015504,No,Medium,-0.32989489682385637,0.1971618942550352,-0.6110120406177574,1
359,1,17,-1.5586437266101607,4,-0.41657237633868,5,-1.189956438118145,No,High,-2.3159903518318843,1.326823731775294,-1.04600208318745,0
360,1,21,1.1849873093339613,5,-1.1263868621127897,0,-0.059356496913256236,No,Medium,0.3998206856870804,-0.7692380779186127,0.4317723080082183,1
361,0,19,0.009145436786480443,4,-0.3278455656169163,0,-0.24778982044740436,No,Medium,-0.45680195465184537,-0.5183722848250413,-0.19389830116736712,1
362,1,21,-0.7747491449118401,5,-0.3278455656169163,7,-0.9387120067392809,Yes,Low,-0.9898115975293991,-0.05768589555430684,-0.03897034080007921,0
363,1,19,0.793040018484801,5,0.4706957308789571,6,-0.12216760475797228,No,Low,0.08255304111710787,-0.7147591118621855,0.19342159975085244,1
364,0,20,0.793040018484801,8,-0.6827528085039711,2,0.06626571877617586,Yes,Medium,0.86303144675924,-0.5855848887308021,0.7475869964492281,2
365,1,21,-1.5586437266101607,7,-0.3278455656169163,5,1.4481100913599287,Yes,High,-1.1040279495745895,2.7309370352440743,-2.41055988796087,0
366,1,20,1.5769346001831217,7,1.5354174595401215,8,1.3224878756704967,Yes,High,2.0369217316681385,-0.6417120805340499,0.6582054808527159,2
367,0,18,-1.1666964357610003,5,-0.3278455656169163,6,0.9456212286022004,Yes,High,-0.672543952959427,0.8563355044349691,-1.5286622674086163,1
368,0,18,0.009145436786480443,6,-0.5940259977822074,2,0.003454610931459811,No,Medium,0.03179021798591245,-0.40516105512127565,0.026576103970696492,1
369,1,17,0.009145436786480443,6,-1.303840483556317,5,0.003454610931459811,No,Medium,0.006408806420314289,-0.4110421579630297,0.0027410331449595647,1
370,1,21,1.1849873093339613,4,1.2692370273748306,3,-1.252767545962861,No,Medium,0.8122686236280446,-0.709508127182048,1.951258073148926,2
371,0,20,1.1849873093339613,4,-0.5940259977822074,2,-0.31060092829212044,No,Medium,0.34905786255588495,-0.7765894564708052,0.6224528746141111,1
372,0,19,0.793040018484801,8,-1.1263868621127897,8,0.06626571877617586,Yes,Low,0.06986233533430879,-0.7168595057342406,0.0027410331449595647,1
373,0,18,0.793040018484801,5,-0.5052991870604437,9,-1.4412008694970093,Yes,Medium,0.41885674436127857,-0.6590986742527277,1.7605775065430331,1
374,0,18,0.40109272763564074,4,0.5594225416007208,1,0.8828101207574844,Yes,High,0.8884128583248382,-0.4252548231639353,-0.0032177345614742437,2
375,1,19,0.40109272763564074,4,-0.6827528085039711,0,-1.315578653807577,No,Low,-0.8375231281358124,-0.7585173175299985,0.4615661465403891,1
376,0,20,1.5769346001831217,5,0.9143297844877757,1,0.8828101207574844,Yes,High,1.5990923821615768,-0.6980726494341929,0.6641642485591506,2
377,0,20,0.40109272763564074,8,1.2692370273748306,6,0.5059434736891881,Yes,Medium,1.2056805028948108,-0.36399333522899735,0.6522467131462819,2
378,1,21,-1.1666964357610003,4,-1.303840483556317,9,0.8199990129127684,Yes,Low,-0.36162166128085366,1.0364442789636872,-1.11750729566466,1
379,0,21,-1.1666964357610003,8,-1.392567294278081,0,-0.059356496913256236,Yes,Medium,-0.7994510107874157,0.7828217189130436,-0.6944347885078354,1
380,1,17,0.009145436786480443,7,0.11578848799190225,5,1.1340545521363485,No,Low,-0.12049825140767471,-0.4404476721718,-1.1890125081418699,1
381,0,18,-0.38280185406267986,8,0.20451529871366597,6,-1.6296341930311573,Yes,High,-1.2816978305337738,-0.5073452169967524,0.3423907924117061,0
382,0,21,-1.1666964357610003,6,0.38196892015719336,8,-0.18497871260268833,Yes,Medium,-1.4847491230585566,0.3858472770946447,-1.2188063466740406,0
383,0,20,-0.7747491449118401,6,1.1805102166530668,7,-1.189956438118145,No,Medium,-1.4657130643843579,-0.2414703593591211,-0.24752721052527435,0
384,1,19,0.793040018484801,8,0.4706957308789571,5,1.573732307049361,No,Low,1.1485723268722152,-0.538326026609564,-0.4143727063054307,2
385,1,20,1.1849873093339613,6,-1.392567294278081,2,-0.059356496913256236,No,Low,0.6599801542344574,-0.7315622628386258,0.676081783972018,2
386,0,18,0.40109272763564074,7,0.4706957308789571,7,-1.6924453008758733,Yes,Medium,-0.23471460345286463,-0.6421204904536162,1.385175141037682,1
387,1,20,0.009145436786480443,5,-0.06166513345162517,6,-0.31060092829212044,Yes,Low,0.3363671567730859,-0.3345878210202269,0.6105353392012427,1
388,1,17,-1.5586437266101607,6,-1.303840483556317,2,-1.127145330273429,Yes,Medium,-1.5926201222123468,2.1648808867252467,-0.42629024171829877,0
389,1,18,1.1849873093339613,6,-1.303840483556317,8,0.8828101207574844,Yes,Low,0.488655626166673,-0.7563731654522756,-0.37862010006682534,1
390,1,19,-0.7747491449118401,8,-0.2391187548951526,1,1.510921199204645,No,High,-0.29816813236685913,0.20941419184202317,-1.7133840663080744,1
391,1,17,0.40109272763564074,7,-1.4812941049998445,2,-0.18497871260268833,Yes,Low,-0.29816813236685913,-0.6543727880406037,-0.1045167855708549,1
392,1,18,-0.7747491449118401,5,-0.3278455656169163,1,1.636543414894077,Yes,High,-0.07608078116787838,0.29518027495093657,-1.6240025507115623,1
393,0,19,0.793040018484801,8,-0.5940259977822074,0,-1.5668230851864413,No,Low,-0.6027450711540325,-0.8281803809531566,0.9203912599358185,1
394,0,17,0.793040018484801,8,-0.5940259977822074,3,-1.378389761652293,No,Low,0.04448092376871153,-0.7210602934783507,1.3494225347990774,1
395,1,17,1.5769346001831217,7,-0.6827528085039711,4,-1.378389761652293,No,Medium,0.08889839400850696,-0.8924757711477298,1.3911339087441157,1
396,0,18,0.009145436786480443,5,-1.2151136728345535,5,1.573732307049361,Yes,Low,0.40616603857847944,-0.3184147882054033,-1.111548527958226,1
397,0,21,1.1849873093339613,7,-0.5052991870604437,4,-1.6296341930311573,Yes,Low,0.27925898075049044,-0.7866976019800701,1.8082476481945065,1
398,0,17,1.1849873093339613,5,-0.1503919441733889,0,-0.6246564675157006,Yes,High,0.2538775691848932,-0.7903732912561663,0.8310097443393063,1
399,0,17,-1.5586437266101607,7,1.2692370273748306,2,-0.31060092829212044,Yes,Low,-0.7740695992218178,3.113208719958088,-0.432249009424733,1
400,1,19,0.009145436786480443,8,-0.3278455656169163,0,-1.6296341930311573,Yes,Medium,-0.1268436042990738,-0.4419179478822385,1.4268865149827212,1
401,0,20,-0.7747491449118401,8,1.2692370273748306,4,-1.001523114583997,No,High,-0.29182277947546004,0.21186465135942054,0.676081783972018,1
402,0,18,-1.5586437266101607,4,-0.1503919441733889,4,-0.37341203613683643,No,Medium,-1.8654702965425234,1.848771608980966,-1.397569377867065,0
403,1,18,-0.38280185406267986,6,-0.06166513345162517,5,0.5687545815339042,Yes,Medium,-0.3870030728464518,-0.2482091230319644,-0.902991658233031,1
404,1,21,1.1849873093339613,7,1.3579638380965942,7,-0.49903425182626854,Yes,Medium,1.3262422078313998,-0.6350754193410983,1.7188661325979941,2
405,0,21,-0.7747491449118401,4,1.2692370273748306,9,0.6943767972233363,Yes,Medium,-0.6852346587422252,0.059936161280774385,-1.302229094564118,1
406,0,18,-1.1666964357610003,6,1.0030565952095394,0,-0.24778982044740436,Yes,High,-1.3134245949907712,0.4850908875492445,-0.9983319415359768,0
407,0,21,1.5769346001831217,7,1.7128710809836492,3,1.2596767678257808,Yes,Low,1.7957983217949594,-0.6727512344210852,0.4913599850725598,2
408,0,19,0.009145436786480443,5,0.29324210943542967,9,-0.49903425182626854,No,Medium,0.27291362785909135,-0.3492905781246121,0.7297106933299257,1
409,0,18,0.793040018484801,6,-0.3278455656169163,0,-1.6924453008758733,No,High,0.10158909979130604,-0.7116085210541031,1.7009898294786916,1
410,0,21,-1.1666964357610003,8,-1.2151136728345535,8,-1.6924453008758733,No,Medium,-1.9923773543705126,0.09179213500694194,-0.26540351364457704,0
411,1,18,1.5769346001831217,4,-1.7474745371651357,6,-0.6874675753604167,Yes,Low,0.13966121713970328,-0.8859412124346696,0.7833396026878335,1
412,0,20,1.5769346001831217,6,1.2692370273748306,6,-1.6924453008758733,Yes,High,1.0153199161528272,-0.7732200746343837,2.559052379205209,2
413,0,17,-0.38280185406267986,6,1.0030565952095394,4,1.573732307049361,No,High,0.05717162955150971,-0.11955999836859443,-1.439280751812104,1
414,1,18,-0.38280185406267986,8,1.3579638380965942,6,1.510921199204645,No,Low,0.6155626839946621,0.0421703297796423,-0.8553215165815571,1
415,1,17,0.40109272763564074,7,-0.6827528085039711,1,1.0712434442916325,Yes,High,0.0635169824429097,-0.5845346917947745,-0.9566205675909376,1
416,1,21,0.40109272763564074,5,-1.303840483556317,3,0.1290768266208919,No,Low,0.3744392741214822,-0.5244984336185351,0.22917420598945698,1
417,1,17,-1.5586437266101607,8,-0.5940259977822074,6,0.8199990129127684,No,High,-0.9073220099412065,2.9588297703620445,-1.6299613184179964,1
418,0,18,1.5769346001831217,5,1.446690648818358,2,1.1968656599810648,Yes,High,2.60165813900269,-0.5690151148512567,1.3077111608540382,2
419,0,20,-1.1666964357610003,7,-0.5052991870604437,1,-1.5668230851864413,No,Low,-1.3451513594477684,0.4667124411687631,0.22321543828302318,0
420,0,21,0.009145436786480443,6,-1.4812941049998445,9,1.1340545521363485,No,Low,0.6155626839946621,-0.26989568976093237,-0.49779545419550825,1
421,0,18,1.5769346001831217,5,1.7128710809836492,1,1.699354522738793,No,High,2.100375260582133,-0.633543882142725,0.3602670955310083,2
422,0,21,-0.38280185406267986,4,-0.41657237633868,0,-1.064334222428713,Yes,High,-0.6788893058508262,-0.33274997638217885,0.3721846309438768,1
423,0,19,-0.7747491449118401,4,0.6481493523224845,4,-0.24778982044740436,No,Low,-1.0088476562035977,-0.06503727410649951,-0.7123110916271381,0
424,1,17,0.793040018484801,8,-0.41657237633868,5,-0.37341203613683643,No,Low,0.29829503942468955,-0.6790524160372501,0.6343704100269799,1
425,0,19,0.40109272763564074,7,-1.4812941049998445,5,1.0084323364469165,No,High,0.3744392741214822,-0.5244984336185351,-0.6050532729113236,1
426,1,18,1.1849873093339613,8,0.4706957308789571,8,1.0712434442916325,Yes,High,1.3896957367453942,-0.6258861961508576,0.28876188305379846,2
427,1,20,-0.7747491449118401,8,0.6481493523224845,3,-0.12216760475797228,Yes,High,-0.7677242463304184,0.0280801875546063,-0.6050532729113232,1
428,0,21,0.009145436786480443,8,1.0030565952095394,0,-0.9387120067392809,No,Low,0.12062515846550421,-0.3845771951751366,1.0038140078258961,1
429,1,17,-0.38280185406267986,4,-1.6587477264433719,5,-1.6924453008758733,Yes,High,-1.5164758875155537,-0.5753454686045337,0.18150406433798386,0
430,0,21,-0.38280185406267986,4,0.9143297844877757,4,-0.24778982044740436,No,Medium,0.3173310980988877,-0.04420836820862044,0.533071359017599,1
431,1,18,-0.38280185406267986,8,-1.5700209157216083,9,-1.127145330273429,Yes,Low,-1.0786465380089914,-0.4485341885792118,0.05636994250286733,0
432,0,21,1.1849873093339613,4,-1.1263868621127897,5,0.44313236584447213,Yes,High,0.5394184492978684,-0.749021786900083,0.08616378103503806,1
433,1,17,0.40109272763564074,7,0.29324210943542967,2,-0.24778982044740436,No,Low,-0.2600960150184628,-0.6470214094884112,-0.0091765022679089,1
434,0,18,-0.7747491449118401,8,-0.5052991870604437,1,0.003454610931459811,No,Medium,-0.7740695992218178,0.025629728037208917,-0.7301873947464403,1
435,0,21,0.009145436786480443,4,0.9143297844877757,5,0.5059434736891881,No,Low,0.7488150947140502,-0.2390198998417237,0.22321543828302318,2
436,0,20,0.40109272763564074,5,-1.037660051391026,0,-0.7502786832051327,Yes,High,-0.05069936960228022,-0.606588827451352,0.6641642485591506,1
437,0,18,0.009145436786480443,8,1.6241442702618853,6,0.7571879050680523,No,Medium,0.4950009790580721,-0.29783092825926405,-0.2534859782317086,1
438,0,18,0.40109272763564074,8,-1.6587477264433719,6,-0.7502786832051327,Yes,Medium,-0.4377658959776472,-0.6813278427319766,0.3006794184666668,1
439,1,20,1.1849873093339613,7,-1.1263868621127897,9,-0.6874675753604167,Yes,High,0.4632742146010749,-0.7600488547283719,1.0872367557159746,1
440,1,19,0.793040018484801,6,-1.2151136728345535,6,1.4481100913599287,No,High,0.9899385045872291,-0.5645809500102517,-0.4441665448376015,2
441,1,17,0.009145436786480443,6,1.6241442702618853,9,1.636543414894077,Yes,High,1.357968972288397,-0.09787343163962624,-0.27732104905744553,2
442,0,19,0.40109272763564074,7,-0.41657237633868,0,-0.8130897910498488,No,Low,-0.1331889571904738,-0.6225168143144361,0.6462879454398472,1
443,1,21,-0.38280185406267986,7,1.2692370273748306,3,-0.7502786832051327,Yes,Low,-0.2537506621270628,-0.20961438563295326,0.4734836819532575,1
444,0,20,1.5769346001831217,7,0.825602973766012,6,-0.8130897910498488,No,Low,0.8313046823022427,-0.7969078499692265,1.552020636817838,2
445,0,19,-0.38280185406267986,6,-0.9489332406692623,8,0.3803212579997561,Yes,High,-0.272786720801261,-0.21512791954709765,-0.6169708083241913,1
446,1,18,-1.5586437266101607,7,1.5354174595401215,4,-1.064334222428713,Yes,High,-1.4022595354703633,2.385422243291024,-0.3071148875896158,0
447,1,21,0.793040018484801,4,-0.2391187548951526,1,-1.6924453008758733,No,Low,0.3744392741214822,-0.6664500528049203,1.95721684085536,1
448,0,21,0.793040018484801,8,-1.392567294278081,6,-0.8130897910498488,Yes,Medium,0.48231027327527304,-0.6485967048924526,1.2242884129639597,1
449,1,19,-0.38280185406267986,8,0.7368761630442482,9,-0.12216760475797228,No,Low,-0.6217811298282307,-0.31620937463974547,-0.46800161566333753,1
450,0,19,-0.7747491449118401,5,1.6241442702618853,0,1.4481100913599287,Yes,Medium,0.20311474605369778,0.4030004937164277,-1.183053740435435,1
451,0,20,1.1849873093339613,5,1.1805102166530668,6,-1.5040119773417253,Yes,High,0.3744392741214822,-0.7729137671947091,1.7784538096623357,1
452,0,17,0.009145436786480443,8,0.20451529871366597,5,0.9456212286022004,Yes,High,0.9011035641076373,-0.20373328279119907,-0.05088787621294725,2
453,0,19,0.793040018484801,4,-1.392567294278081,6,-1.4412008694970093,No,Low,-0.40603913152064997,-0.7956242759363039,0.9859377047065939,1
454,0,19,-0.38280185406267986,6,0.825602973766012,9,0.44313236584447213,No,Low,0.06986233533430879,-0.1158843090924981,-0.35478502924108923,1
455,1,18,-0.38280185406267986,6,-1.303840483556317,2,-0.9387120067392809,No,High,-1.1992082429455813,-0.4834532367021266,-0.23560967511240632,0
456,1,21,1.1849873093339613,4,-1.4812941049998445,2,-1.127145330273429,No,Low,0.08255304111710787,-0.8151841938698162,1.146824432780316,1
457,0,17,1.1849873093339613,6,0.7368761630442482,6,-1.064334222428713,No,High,0.5203823906236703,-0.7517785538571553,1.498391727459931,1
458,0,18,-1.1666964357610003,7,0.20451529871366597,1,-0.6246564675157006,Yes,High,-1.6370375924521432,0.29763073446833394,-0.9447030321780697,0
459,1,20,-1.1666964357610003,8,-1.303840483556317,0,0.3803212579997561,Yes,Medium,-0.6661986000680271,0.8600111937110657,-0.9864144061231084,1
460,1,20,-0.7747491449118401,8,1.0030565952095394,8,0.6943767972233363,No,Low,-0.6788893058508262,0.06238662079817177,-1.2962703268576843,1
461,0,19,-0.7747491449118401,4,-0.2391187548951526,8,0.8199990129127684,Yes,High,-0.06973542827647929,0.29763073446833394,-0.8434039811686894,1
462,1,19,-1.5586437266101607,6,-0.5052991870604437,6,0.8828101207574844,Yes,Low,-0.7994510107874157,3.083803205749318,-1.5882499444729574,1
463,0,20,-0.7747491449118401,5,1.7128710809836492,6,1.3852989835152127,Yes,Medium,0.7678511533882483,0.6210913907648071,-0.5931357374984552,2
464,1,19,0.40109272763564074,5,1.0030565952095394,2,-0.31060092829212044,Yes,Medium,0.7551604476054492,-0.45098464809660943,1.0038140078258961,2
465,0,17,1.1849873093339613,6,-1.037660051391026,9,-1.315578653807577,No,Low,0.7995779178452456,-0.7113459718200962,1.9989282148003988,2
466,1,19,0.40109272763564074,5,1.446690648818358,1,0.6943767972233363,Yes,Low,0.4950009790580721,-0.5012190682032586,-0.19389830116736712,1
467,0,21,0.009145436786480443,4,-0.9489332406692623,6,-1.5668230851864413,No,High,-0.23471460345286463,-0.4669126349596932,1.265999786908999,1
468,1,19,-0.38280185406267986,4,-0.06166513345162517,8,-1.001523114583997,No,Medium,-1.0215383619863962,-0.4319935868367785,-0.009176502267908476,0
469,1,18,-0.7747491449118401,6,-1.303840483556317,0,-1.315578653807577,Yes,Medium,-1.732217885823135,-0.34438965908981695,-0.3786201000668258,0
470,0,17,-0.38280185406267986,5,-1.5700209157216083,3,1.3224878756704967,No,Medium,-0.08877148695067746,-0.16183042504370165,-1.3379817008027237,1
471,1,18,0.793040018484801,4,-0.8602064299474986,5,-0.12216760475797228,Yes,Low,0.8122686236280446,-0.593986464219022,0.8786798859907793,2
472,0,18,-1.5586437266101607,4,-0.3278455656169163,6,0.31751015015504,Yes,High,-1.6878004155833386,2.0546102084423583,-1.8861883297946647,0
473,1,21,0.793040018484801,7,1.0030565952095394,9,0.5687545815339042,Yes,Low,1.237407267351808,-0.5236232695051788,0.6224528746141111,2
474,0,17,-1.5586437266101607,7,-1.4812941049998445,6,1.2596767678257808,No,Low,-1.5545480048639502,2.2089891580384022,-2.6548693639246697,0
475,1,17,-1.1666964357610003,4,-1.4812941049998445,9,-0.8130897910498488,No,Low,-1.2499710660767767,0.5218477803102074,-0.4024551708925623,0
476,0,17,-0.38280185406267986,6,-0.3278455656169163,1,-1.6296341930311573,No,High,-0.7613788934390188,-0.35664195667680465,0.8310097443393063,1
477,1,17,-1.5586437266101607,8,-0.1503919441733889,3,0.8199990129127684,Yes,Low,-0.9390487743982037,2.9220728776010816,-1.6597551569501672,1
478,0,17,1.5769346001831217,8,-1.392567294278081,4,-1.315578653807577,Yes,Medium,0.9137942698904354,-0.7862891920605037,2.106186033516214,2
479,1,21,0.40109272763564074,4,1.0030565952095394,0,0.254699042310324,Yes,Medium,0.9201396227818355,-0.4191286743704416,0.6224528746141111,2
480,0,19,-1.5586437266101607,4,0.11578848799190225,0,-1.5040119773417253,No,Medium,-2.201773999786694,1.45914854571476,-0.6408058791499281,0
481,0,18,-1.5586437266101607,4,-1.303840483556317,9,-0.49903425182626854,Yes,High,-1.4022595354703633,2.385422243291024,-0.8434039811686891,0
482,0,17,0.40109272763564074,6,1.2692370273748306,2,1.3852989835152127,Yes,Low,1.497566735899185,-0.30763276632885433,0.09212254874147166,2
483,1,19,-0.38280185406267986,7,0.11578848799190225,9,1.573732307049361,No,High,0.7551604476054492,0.08260291181670122,-0.783816304104348,2
484,0,19,-0.38280185406267986,4,-1.7474745371651357,2,0.5059434736891881,No,Low,-0.5837090124798344,-0.3051823068114567,-1.0281257800681476,1
485,1,18,0.40109272763564074,4,-0.06166513345162517,7,0.254699042310324,No,Medium,-0.06973542827647929,-0.6102645167274484,-0.30711488758961625,1
486,0,21,0.793040018484801,5,0.11578848799190225,8,0.003454610931459811,Yes,Low,1.2627886789174052,-0.5194224817610689,1.1825770390189205,2
487,1,20,1.5769346001831217,6,-0.8602064299474986,0,-0.9387120067392809,Yes,Low,0.86303144675924,-0.7928237507735638,1.7009898294786916,2
488,0,20,0.009145436786480443,4,-0.6827528085039711,1,-1.6924453008758733,Yes,Low,-1.3070792420993715,-0.7153892300238021,0.378143398650311,0
489,1,19,1.5769346001831217,5,-1.5700209157216083,9,0.44313236584447213,No,High,0.8884128583248382,-0.7895564714170338,0.41389600488891615,2
490,1,18,-0.38280185406267986,8,-1.037660051391026,1,1.2596767678257808,No,Low,-0.3172041910410573,-0.22799283201343468,-1.4929096611700108,1
491,0,20,-1.1666964357610003,4,-0.7714796192257348,3,0.1290768266208919,No,Low,-1.1611361255971844,0.5733074301755553,-1.2128475789676063,0
492,1,19,-0.7747491449118401,4,0.20451529871366597,1,1.636543414894077,No,Low,0.16504262870530054,0.38829773661204237,-1.397569377867065,1
493,1,21,-1.5586437266101607,5,-0.5940259977822074,6,0.5059434736891881,Yes,High,-0.9073220099412065,2.9588297703620445,-1.3320229330962892,1
494,0,20,0.40109272763564074,6,1.091783405931303,8,1.699354522738793,Yes,High,1.8402157920347557,-0.2414703593591211,0.1159576195672088,2
495,1,19,0.40109272763564074,4,-0.2391187548951526,6,-0.18497871260268833,Yes,High,-0.28547742658406006,-0.6519223285232064,-0.09259925015798645,1
496,1,19,-1.5586437266101607,8,-1.037660051391026,5,-0.7502786832051327,Yes,Low,-1.8273981791941267,1.8928798802941216,-1.0042907092424112,0
497,1,17,-0.7747491449118401,4,0.20451529871366597,9,-0.5618453596709846,Yes,Medium,-1.421295594144562,-0.2243171427373386,-0.8016926072236503,0
498,0,21,0.009145436786480443,8,-0.9489332406692623,0,-1.6924453008758733,Yes,Medium,-0.34893095549805453,-0.49337759774758655,1.2779173223218674,1
499,1,17,-0.7747491449118401,7,-0.1503919441733889,9,-1.4412008694970093,Yes,Medium,-0.7106160703078234,0.0501343232111838,0.6999168547977549,1
500,0,18,-0.7747491449118401,7,-1.392567294278081,8,1.4481100913599287,Yes,Low,-0.1902971332130683,0.25107200363778076,-1.5524973382343523,1
501,1,17,-0.7747491449118401,8,0.20451529871366597,4,-0.37341203613683643,No,Medium,-0.6471625413938289,0.07463891838515947,-0.2534859782317086,1
502,1,17,0.009145436786480443,6,0.825602973766012,4,-0.24778982044740436,No,Medium,-0.526600836457239,-0.5345453176398648,-0.2594447459381424,1
503,1,20,0.009145436786480443,4,0.38196892015719336,5,0.9456212286022004,Yes,Medium,1.002629210370028,-0.1802088714241831,0.044452407089998765,2
504,0,19,-0.38280185406267986,4,0.6481493523224845,8,1.0712434442916325,No,Low,0.602871978211863,0.038494640503545965,-0.45012531254403526,1
505,1,21,-1.5586437266101607,7,1.1805102166530668,7,1.510921199204645,Yes,Medium,-0.12049825140767471,3.8704007108339225,-1.5465385705279187,1
506,1,17,0.009145436786480443,8,0.38196892015719336,7,0.5687545815339042,Yes,Medium,0.6599801542344574,-0.259603759787863,0.0802050133286033,2
507,0,21,0.009145436786480443,4,-0.9489332406692623,7,1.573732307049361,No,Low,0.4632742146010749,-0.3051823068114567,-1.0579196186003184,1
508,1,17,-0.38280185406267986,4,-0.5940259977822074,0,0.5059434736891881,Yes,High,-0.526600836457239,-0.2886417050690233,-0.9744968707102399,1
509,0,18,0.40109272763564074,6,0.825602973766012,0,0.5059434736891881,Yes,Medium,0.729779036039852,-0.45588556713140443,0.20533913516372101,2
510,0,17,-0.38280185406267986,5,0.38196892015719336,7,-1.5040119773417253,Yes,High,-1.3197699478821707,-0.5183722848250413,0.1874628320444183,0
511,1,20,0.793040018484801,7,-0.5940259977822074,4,0.5059434736891881,Yes,Medium,0.996283857478629,-0.5635307530742242,0.45560737883395525,2
512,0,19,0.793040018484801,7,1.2692370273748306,8,1.510921199204645,Yes,Low,0.9137942698904354,-0.5771833132425818,-0.5752594343791528,2
513,1,18,-1.1666964357610003,5,1.1805102166530668,1,1.573732307049361,Yes,High,-0.28547742658406006,1.0805525502768427,-1.761054207959548,1
514,0,17,-0.7747491449118401,4,-0.9489332406692623,8,-0.6246564675157006,Yes,High,-1.694145768474738,-0.3296869019854319,-0.9983319415359768,0
515,0,21,-1.5586437266101607,6,1.2692370273748306,7,1.3852989835152127,No,High,-0.02531795803668296,3.980671389116811,-1.3379817008027237,1
516,1,18,1.1849873093339613,6,-0.8602064299474986,8,-0.7502786832051327,No,High,0.3680939212300831,-0.7738326895137331,1.0574429171838038,1
517,0,18,1.5769346001831217,7,-0.8602064299474986,3,0.8199990129127684,Yes,Medium,1.5737109705959786,-0.701339928790723,0.6999168547977549,2
518,0,17,-0.38280185406267986,6,0.027061677270138536,0,-0.6246564675157006,No,Medium,-0.532946189348639,-0.2904795497070716,0.09212254874147166,1
519,0,18,0.40109272763564074,5,0.027061677270138536,0,-0.37341203613683643,Yes,High,0.7741965062796483,-0.44730895882051297,1.081277988009541,2
520,0,21,1.5769346001831217,4,0.11578848799190225,4,-1.6296341930311573,Yes,Medium,0.34905786255588495,-0.858986157743297,1.873794092965282,1
521,0,18,0.40109272763564074,5,-1.2151136728345535,1,-0.4362231439815525,Yes,High,-0.7233067760906224,-0.7364631818734209,-0.26540351364457704,1
522,1,21,1.5769346001831217,8,-0.3278455656169163,7,0.5059434736891881,Yes,High,1.1802990913292126,-0.7519827588169384,0.6284116423205452,2
523,0,17,-0.38280185406267986,7,-1.6587477264433719,9,1.0084323364469165,No,Low,-0.17126107453887013,-0.18572240533832746,-1.11750729566466,1
524,1,19,1.1849873093339613,6,-0.7714796192257348,4,0.6943767972233363,No,High,1.6688912639669704,-0.5854536141137985,0.90847372452295,2
525,0,18,1.5769346001831217,8,-0.2391187548951526,4,1.1968656599810648,No,Medium,2.239973024192921,-0.6155738456818095,0.9680614015872917,2
526,1,19,-0.38280185406267986,6,-0.8602064299474986,1,0.6943767972233363,No,High,0.1904240402708987,-0.08096526096958329,-0.47991915107620603,1
527,1,21,0.009145436786480443,4,-0.41657237633868,6,0.06626571877617586,Yes,Low,-0.4758380133260436,-0.5227831119563568,-0.5097129896083767,1
528,0,18,1.1849873093339613,4,-0.2391187548951526,7,1.636543414894077,No,Medium,1.0851187979582209,-0.669994467464013,-0.5335480604341136,2
529,0,20,0.40109272763564074,4,1.2692370273748306,9,-0.12216760475797228,Yes,Low,-0.0633900753850793,-0.6090392869687495,0.05636994250286733,1
530,0,19,0.793040018484801,6,0.4706957308789571,0,-0.4362231439815525,Yes,Low,1.0343559748270255,-0.5572295714580591,1.385175141037682,2
531,1,18,-0.7747491449118401,8,-0.41657237633868,1,-0.6874675753604167,No,High,-0.716961423199223,0.04768386369378668,-0.021094037680776938,1
532,0,19,0.793040018484801,4,-1.303840483556317,9,-0.7502786832051327,Yes,Low,-0.10780754562487563,-0.7462650199430109,0.6105353392012427,1
533,1,18,1.1849873093339613,8,-0.7714796192257348,3,0.19188793446560795,No,Low,0.2602229220762923,-0.7894543689371423,0.062328710209300926,1
534,1,17,0.40109272763564074,6,-0.6827528085039711,4,1.4481100913599287,No,Medium,1.357968972288397,-0.33458782102022716,-0.0985580178644211,2
535,1,19,1.5769346001831217,8,-1.4812941049998445,1,-1.189956438118145,No,Low,0.6917069186914547,-0.8148778864301416,1.7784538096623357,2
536,0,20,0.40109272763564074,6,1.6241442702618853,0,0.19188793446560795,No,High,0.3300218038816868,-0.5330750419294263,0.12787515498007715,1
537,0,20,1.5769346001831217,6,-1.6587477264433719,8,-0.8759008988945648,No,High,0.20946009894509687,-0.8769561942042122,1.027649078651633,1
538,1,21,-0.38280185406267986,7,0.4706957308789571,0,1.3224878756704967,Yes,High,0.47596492038387395,0.001737747742583119,-0.8076513749300841,1
539,1,18,1.1849873093339613,6,0.5594225416007208,3,0.5687545815339042,No,Low,1.5864016763787778,-0.5973996042611114,0.9501850984679893,2
540,0,19,-0.38280185406267986,6,0.5594225416007208,1,-1.6296341930311573,No,Medium,-1.1421000669229857,-0.4669126349596932,0.4734836819532575,0
541,1,21,-1.1666964357610003,5,-0.5052991870604437,3,1.510921199204645,Yes,High,-1.0532651264433937,0.6357941478691923,-2.422477423373738,0
542,0,19,1.5769346001831217,4,-1.1263868621127897,7,1.2596767678257808,No,Low,2.0749938490165354,-0.636811161499255,0.7535457641556628,2
543,1,18,0.009145436786480443,7,-1.2151136728345535,7,1.1340545521363485,No,High,0.35540321544728404,-0.3301769938889114,-0.7421049301593088,1
544,0,20,-0.38280185406267986,7,1.7128710809836492,8,-0.8759008988945648,Yes,High,-0.5900543653712335,-0.30702015144950473,0.27684434764093085,1
545,1,17,-1.1666964357610003,7,-0.7714796192257348,4,0.31751015015504,Yes,Medium,-0.7042707174164243,0.8379570580544876,-0.9625793352973723,1
546,0,20,-1.5586437266101607,5,-0.6827528085039711,6,0.44313236584447213,No,High,-0.8882859512670078,2.980883906018622,-1.254558952912645,1
547,1,21,0.793040018484801,6,-0.3278455656169163,2,0.6943767972233363,Yes,Medium,1.1929897971120116,-0.5309746480573714,0.4615661465403891,2
548,0,17,0.40109272763564074,4,-0.3278455656169163,9,1.1968656599810648,No,Low,0.6980522715828547,-0.46201171592489815,-0.47991915107620603,2
549,0,21,-1.1666964357610003,8,1.3579638380965942,3,1.4481100913599287,Yes,High,-0.17126107453887013,1.1467149572465758,-1.53462103511505,1
550,1,18,1.1849873093339613,6,0.027061677270138536,9,-0.49903425182626854,No,Low,0.6599801542344574,-0.7315622628386258,1.0931955234224084,2
551,1,17,-0.38280185406267986,5,-1.1263868621127897,8,-1.6296341930311573,No,Low,-0.8057963636788151,-0.3695068691431417,0.7892983703942671,1
552,0,21,1.1849873093339613,6,-1.392567294278081,9,1.4481100913599287,No,Low,1.6498552052927722,-0.5882103810708706,0.17554529663155027,2
553,1,18,0.793040018484801,6,0.4706957308789571,9,0.8199990129127684,Yes,High,1.4785306772249869,-0.4837157859361334,0.6105353392012427,2
554,0,20,0.009145436786480443,5,-0.41657237633868,0,-0.5618453596709846,No,Medium,-0.22202389767006556,-0.46397208353881625,0.32451448929240395,1
555,1,18,1.1849873093339613,7,1.3579638380965942,1,0.5687545815339042,Yes,High,1.630819146618574,-0.5909671480279428,0.9918964724130286,2
556,0,19,1.5769346001831217,7,0.6481493523224845,4,-0.6246564675157006,No,Low,1.2500979731346071,-0.7429977405864808,1.7665362742494677,2
557,0,18,0.009145436786480443,4,0.7368761630442482,2,-0.7502786832051327,No,Medium,0.07620768822570878,-0.3948691251482061,0.7833396026878335,1
558,0,18,0.009145436786480443,4,-0.7714796192257348,1,-1.5040119773417253,No,Low,-0.8057963636788151,-0.5992374488991595,0.6701230162655842,1
559,0,19,-1.1666964357610003,7,1.446690648818358,0,-1.001523114583997,No,Medium,-0.5075647777830408,0.9519034256134729,0.4734836819532575,1
560,0,21,0.009145436786480443,8,0.825602973766012,9,0.06626571877617586,No,High,-0.33624024971525546,-0.4904370463267094,-0.37862010006682534,1
561,0,21,-0.7747491449118401,6,0.20451529871366597,2,-1.315578653807577,Yes,Medium,-1.535511946189752,-0.26842541405049386,-0.19389830116736712,0
562,1,18,0.793040018484801,8,-0.41657237633868,0,-0.8759008988945648,Yes,High,0.729779036039852,-0.6076390243873796,1.5162680305792333,2
563,1,19,0.009145436786480443,6,-0.5940259977822074,0,1.699354522738793,Yes,Low,0.3363671567730859,-0.3345878210202269,-1.2962703268576843,1
564,1,19,1.1849873093339613,7,-0.9489332406692623,0,-1.001523114583997,No,Medium,0.6282533897774603,-0.7361568744337461,1.5401031014049695,2
565,0,20,-1.5586437266101607,4,-1.2151136728345535,7,0.44313236584447213,No,Low,-1.0659558322261926,2.7750453065572303,-1.4214044486928015,0
566,0,21,-0.7747491449118401,4,1.446690648818358,2,-1.4412008694970093,Yes,Medium,-1.1928628900541818,-0.13610060011102756,0.24705050910875978,0
567,0,17,-0.7747491449118401,8,0.7368761630442482,0,-0.6874675753604167,No,High,-1.2309350074025784,-0.15080335721541266,-0.503754221901943,0
568,0,21,1.5769346001831217,4,-1.5700209157216083,6,0.8828101207574844,No,Medium,1.002629210370028,-0.7748537143126487,0.10404008415434023,2
569,1,21,0.009145436786480443,7,-0.5052991870604437,9,0.254699042310324,No,Medium,0.34271250966448497,-0.33311754530978865,0.0802050133286033,1
570,1,20,1.5769346001831217,8,1.3579638380965942,2,-1.127145330273429,Yes,High,0.5647998608634657,-0.8312142832127918,1.5996907784693108,1
571,0,17,1.5769346001831217,6,-0.1503919441733889,7,0.9456212286022004,Yes,High,1.3960410896367943,-0.7242108842864331,0.41389600488891615,2
572,1,20,-1.5586437266101607,4,-0.6827528085039711,3,-0.6874675753604167,Yes,High,-1.662419004017741,2.084015722651128,-0.9089504259394647,0
573,1,17,-1.1666964357610003,5,0.027061677270138536,3,-1.4412008694970093,Yes,Medium,-1.7512539444973332,0.2314683274986009,-0.2773210490574451,0
574,0,18,0.009145436786480443,4,1.446690648818358,4,1.0712434442916325,Yes,Low,0.3300218038816868,-0.3360580967306654,-0.7063523239207035,1
575,1,17,-0.38280185406267986,6,0.5594225416007208,5,0.8828101207574844,No,Medium,0.7615058004968492,0.08444075645474952,-0.12239308869015718,2
576,0,20,1.5769346001831217,8,0.7368761630442482,6,-1.189956438118145,No,Medium,0.723433683148452,-0.810793787234479,1.8082476481945065,2
577,1,21,0.793040018484801,6,-0.06166513345162517,3,1.3224878756704967,No,Low,0.742469741822651,-0.6055386305153244,-0.5573831312598497,2
578,0,17,0.40109272763564074,5,0.38196892015719336,7,0.31751015015504,No,High,0.6219080368860611,-0.4767144730292834,0.28280311534736463,2
579,0,17,0.793040018484801,7,-1.303840483556317,5,0.5059434736891881,Yes,Medium,0.20946009894509687,-0.6937551731416355,-0.2832798167638793,1
580,0,19,-1.5586437266101607,4,1.3579638380965942,0,0.5059434736891881,Yes,Low,-0.23471460345286463,3.7380758968944563,-0.7003935562142696,1
581,0,21,-1.5586437266101607,8,-1.6587477264433719,0,-0.6246564675157006,No,High,-2.227155411352292,1.4297430315059898,-1.4988684288764451,0
582,1,18,1.1849873093339613,7,0.11578848799190225,8,-1.189956438118145,Yes,High,1.0343559748270255,-0.6773458460162055,2.1002272658097794,2
583,0,20,-1.1666964357610003,6,1.0030565952095394,9,0.06626571877617586,No,Medium,-1.186517537162782,0.5586046730711702,-1.1770949727290012,0
584,0,18,1.5769346001831217,8,-0.41657237633868,5,1.3852989835152127,No,High,1.7704169102293612,-0.6760185137776152,0.34834956011813994,2
585,0,21,0.793040018484801,7,-0.2391187548951526,9,-0.8759008988945648,No,High,0.006408806420314289,-0.7273614750945158,0.8369685120457403,1
586,1,17,0.40109272763564074,8,-1.392567294278081,7,-0.18497871260268833,No,Low,0.35540321544728404,-0.5281741228946312,0.5092362881918621,1
587,0,17,-1.5586437266101607,5,1.3579638380965942,6,-0.8130897910498488,Yes,Low,-1.4022595354703633,2.385422243291024,-0.5454655958469817,0
588,1,21,-1.5586437266101607,5,0.825602973766012,5,-1.378389761652293,No,High,-1.7449085916059335,1.9884478014726252,-0.33094995841535235,0
589,0,17,-1.1666964357610003,4,-0.1503919441733889,3,0.8828101207574844,Yes,Low,-0.659853247176628,0.8636868829871618,-1.4571570549314063,1
590,1,17,0.40109272763564074,4,0.20451529871366597,6,0.06626571877617586,No,High,0.5457638021892676,-0.49141723013366834,0.44964861112752047,1
591,1,17,0.40109272763564074,5,1.1805102166530668,8,-0.8130897910498488,No,Medium,0.5267277435150693,-0.4950929194097648,1.265999786908999,1
592,0,20,-1.1666964357610003,8,-0.6827528085039711,9,0.06626571877617586,No,Low,-1.421295594144562,0.42260416985560756,-1.397569377867065,0
593,1,20,-1.5586437266101607,5,0.7368761630442482,9,-1.5040119773417253,No,High,-2.195428646895295,1.4664999242669527,-0.6348471114434939,0
594,0,19,0.009145436786480443,4,1.3579638380965942,6,-0.6246564675157006,Yes,High,-0.12049825140767471,-0.4404476721718,0.47944244965969135,1
595,0,18,0.009145436786480443,5,0.11578848799190225,0,1.3852989835152127,No,Low,1.1866444442206125,-0.13757087582146604,-0.19985706887380092,2
596,0,21,-1.1666964357610003,5,1.3579638380965942,9,1.3224878756704967,Yes,Low,-0.15857036875607106,1.1540663357987684,-1.4035281455734987,1
597,1,21,0.40109272763564074,8,-1.037660051391026,8,1.0084323364469165,No,Medium,0.6599801542344574,-0.46936309447709085,-0.33690872612178696,2
598,1,21,1.5769346001831217,7,1.6241442702618853,3,0.6943767972233363,No,High,1.4214225012023916,-0.7209436049299033,0.676081783972018,2
599,0,19,-1.1666964357610003,4,-0.1503919441733889,2,-0.7502786832051327,No,Medium,-1.4466770057101597,0.4079014127512225,-0.6467646468563624,0
600,0,20,-1.1666964357610003,8,1.5354174595401215,3,-1.064334222428713,Yes,Medium,-1.1484454198143854,0.580658808727748,-0.06876417933224994,0
601,1,19,-0.7747491449118401,5,-1.303840483556317,3,-0.8759008988945648,No,Medium,-1.1738268313799831,-0.12874922155883514,-0.27136228135101087,0
602,0,21,0.793040018484801,5,-0.5052991870604437,9,-1.5668230851864413,No,Low,-0.07608078116787838,-0.7410140352628733,1.4149689795698526,1
603,0,18,0.40109272763564074,7,-0.06166513345162517,1,1.4481100913599287,No,Medium,0.34905786255588495,-0.5293993526533302,-1.04600208318745,1
604,0,17,1.1849873093339613,4,-1.037660051391026,0,1.3852989835152127,No,Low,1.7640715573379622,-0.5716697793284373,0.3423907924117061,2
605,1,20,1.1849873093339613,4,1.0030565952095394,9,0.8828101207574844,No,Low,1.4277678540937915,-0.6203726622367132,0.5032775204854283,2
606,1,20,0.40109272763564074,6,-1.4812941049998445,0,0.6315656893786202,Yes,Medium,-0.28547742658406006,-0.6519223285232064,-0.8672390519944255,1
607,1,19,-0.7747491449118401,4,-0.2391187548951526,7,1.0712434442916325,Yes,Medium,-0.7931056578960161,0.018278349485016245,-1.761054207959548,1
608,0,20,-0.7747491449118401,7,-1.392567294278081,1,0.8828101207574844,No,High,-1.0532651264433937,-0.08219049072828225,-1.8266006527303231,0
609,0,21,-1.5586437266101607,6,-0.06166513345162517,9,-0.6246564675157006,No,Medium,-1.186517537162782,2.635369114065571,-0.5216305250212452,0
610,0,21,0.793040018484801,6,0.20451529871366597,4,-0.49903425182626854,Yes,High,1.0153199161528272,-0.5603801622661416,1.4268865149827212,2
611,1,19,0.009145436786480443,5,-0.8602064299474986,3,1.2596767678257808,No,Medium,-0.08877148695067746,-0.43309629361960744,-1.2783940237383822,1
612,0,21,-0.38280185406267986,5,1.446690648818358,7,-0.18497871260268833,Yes,Medium,0.3934753327956813,-0.022154232552042682,0.5449888944304675,1
613,0,18,-0.38280185406267986,4,0.11578848799190225,1,0.6315656893786202,No,Medium,0.5647998608634657,0.027467572675256957,-0.06876417933225037,1
614,0,19,-0.38280185406267986,6,-1.4812941049998445,9,-0.9387120067392809,No,Medium,-0.5392915422400381,-0.29231739434511966,0.38410216635674543,1
615,0,18,0.40109272763564074,5,0.7368761630442482,8,-1.5040119773417253,Yes,High,-0.16491572164747104,-0.6286429631079298,1.2719585546154328,1
616,1,17,1.1849873093339613,7,1.1805102166530668,6,1.699354522738793,No,High,1.9227053796229483,-0.5486967213528355,0.19342159975085244,2
617,1,18,1.1849873093339613,5,-0.6827528085039711,6,-0.8759008988945648,Yes,Medium,0.86303144675924,-0.7021567486298556,1.64140215241435,2
618,0,17,0.009145436786480443,5,-1.037660051391026,0,0.31751015015504,Yes,Medium,0.5076916848408712,-0.2948903768383871,0.17554529663155027,1
619,1,17,0.40109272763564074,6,0.9143297844877757,1,0.003454610931459811,Yes,High,0.86303144675924,-0.4301557421987304,0.8071746735135696,2
620,1,18,-0.38280185406267986,6,-1.2151136728345535,3,1.510921199204645,No,Low,0.6345987426688602,0.04768386369378668,-0.8374452134622549,2
621,0,19,1.5769346001831217,8,-1.4812941049998445,3,0.5687545815339042,Yes,Low,1.3389329136141987,-0.7315622628386258,0.7177931579170574,2
622,0,21,1.1849873093339613,7,-0.1503919441733889,2,-1.252767545962861,Yes,Low,-0.1268436042990738,-0.8455086303976106,1.0693604525966722,1
623,1,21,-1.5586437266101607,6,0.825602973766012,6,1.0084323364469165,No,High,-1.224589654511179,2.591260842752416,-2.1066627349327285,0
624,0,17,-1.1666964357610003,4,0.9143297844877757,7,0.3803212579997561,No,High,-0.3806577199550518,1.0254172111353985,-0.7182698593335719,1
625,1,17,1.5769346001831217,7,1.2692370273748306,1,1.0084323364469165,No,Low,1.5356388532475822,-0.706240847825518,0.48540121736612596,2
626,0,19,1.1849873093339613,7,0.027061677270138536,3,-1.4412008694970093,No,Low,0.7868872120624465,-0.7131838164581444,2.106186033516214,2
627,1,20,-0.7747491449118401,6,0.9143297844877757,2,1.636543414894077,No,Medium,0.3807846270128822,0.4716133602035579,-1.1949712758483035,1
628,0,18,1.1849873093339613,7,-0.1503919441733889,1,-1.4412008694970093,No,High,-0.07608078116787838,-0.838157251845418,1.2957936254411697,1
629,1,17,-1.5586437266101607,6,0.9143297844877757,5,0.19188793446560795,Yes,High,-1.4720584172757574,2.3045570792169054,-1.5644148736472208,0
630,1,21,-0.38280185406267986,5,1.0030565952095394,3,1.0712434442916325,No,Low,0.42520209725267855,-0.012965009361801968,-0.6169708083241913,1
631,1,19,-0.7747491449118401,8,-1.6587477264433719,5,-1.189956438118145,Yes,Low,-1.6306922395607437,-0.3051823068114567,-0.4024551708925623,0
632,0,18,0.40109272763564074,5,-0.9489332406692623,1,0.8828101207574844,No,High,-0.06973542827647929,-0.6102645167274484,-0.902991658233031,1
633,1,19,0.793040018484801,6,-1.6587477264433719,3,0.254699042310324,Yes,Medium,0.09524374689990694,-0.7126587179901307,-0.1521869272223279,1
634,1,18,-0.38280185406267986,6,-1.6587477264433719,5,0.31751015015504,Yes,Low,-0.5773636595884353,-0.30334446217340866,-0.8434039811686894,1
635,0,18,0.793040018484801,5,0.29324210943542967,4,-1.5668230851864413,No,High,0.15869727581390144,-0.7021567486298556,1.6354433847079164,1
636,0,17,1.5769346001831217,4,-0.3278455656169163,2,0.1290768266208919,No,High,1.2183712086776097,-0.7470818397821435,1.0216903109451994,2
637,1,19,-1.1666964357610003,4,1.0030565952095394,7,1.3852989835152127,Yes,Medium,-0.20933319188726648,1.1246608215899982,-1.510785964289313,1
638,1,19,-0.7747491449118401,4,-0.41657237633868,6,-1.001523114583997,No,Medium,-1.605310827995146,-0.29538046874186663,-0.5573831312598502,0
639,0,21,0.009145436786480443,6,-0.41657237633868,2,0.06626571877617586,No,Low,0.5394184492978684,-0.2875389982861944,0.44368984342108686,1
640,0,21,-0.7747491449118401,7,1.6241442702618853,5,-1.5668230851864413,Yes,Low,-0.9517394801810023,-0.04298313844992201,0.5926590360819405,1
641,0,17,1.1849873093339613,6,0.9143297844877757,3,-0.12216760475797228,Yes,Low,1.002629210370028,-0.6819404576113259,1.0574429171838038,2
642,0,17,1.1849873093339613,7,0.29324210943542967,4,0.1290768266208919,Yes,High,1.6688912639669704,-0.5854536141137985,1.4447628181020233,2
643,0,20,1.1849873093339613,5,-1.7474745371651357,4,-1.189956438118145,No,Low,0.6345987426688602,-0.735237952114722,1.7248249003044285,2
644,1,21,1.5769346001831217,8,-0.8602064299474986,6,-0.12216760475797228,No,High,1.2564433260260062,-0.7421809207473483,1.2957936254411697,2
645,0,18,-0.38280185406267986,7,0.027061677270138536,4,-1.6296341930311573,No,Low,-1.5101305346241543,-0.5735076239664856,0.12787515498007684,0
646,1,19,0.009145436786480443,4,-1.4812941049998445,2,-1.5668230851864413,No,Medium,-1.300733889207972,-0.7139189543133636,0.26492681222806247,0
647,1,17,0.009145436786480443,6,-1.2151136728345535,9,1.1340545521363485,Yes,Medium,0.7995779178452456,-0.22725769415821556,-0.3249911907089185,2
648,1,19,1.1849873093339613,5,0.4706957308789571,4,-1.5040119773417253,No,High,0.2856043336418905,-0.785778679661046,1.6950310617722577,1
649,0,19,0.793040018484801,4,-0.7714796192257348,6,-0.18497871260268833,Yes,Medium,0.17138798159670054,-0.7000563547578004,0.3364320247052723,1
650,1,20,1.5769346001831217,5,0.9143297844877757,4,1.4481100913599287,No,High,1.7640715573379622,-0.6768353336167477,0.28280311534736463,2
651,1,21,1.1849873093339613,8,-0.3278455656169163,4,-0.9387120067392809,No,High,0.5330730964064685,-0.7499407092191073,1.3911339087441157,1
652,0,17,-1.1666964357610003,6,1.091783405931303,8,0.6943767972233363,Yes,Medium,-0.3425856026066555,1.047471346791976,-0.9804556384166746,1
653,1,19,-0.38280185406267986,6,-0.8602064299474986,2,1.0084323364469165,No,High,0.3807846270128822,-0.025829921828139018,-0.5990945052048889,1
654,1,17,0.40109272763564074,8,0.6481493523224845,5,0.44313236584447213,No,Medium,1.1739537384378134,-0.37011948402249106,0.6820405516784527,2
655,0,18,-1.1666964357610003,6,1.0030565952095394,0,1.699354522738793,Yes,Low,-0.08242613405927747,1.198174607111924,-1.6895489954823375,1
656,1,20,0.793040018484801,7,-1.7474745371651357,9,-0.31060092829212044,No,Low,0.35540321544728404,-0.6696006436130025,0.6284116423205452,1
657,1,18,-0.7747491449118401,5,0.6481493523224845,4,-1.189956438118145,Yes,Medium,-1.4530223586015591,-0.23656944032432606,-0.23560967511240632,0
658,1,17,-0.7747491449118401,4,-1.2151136728345535,7,-1.6296341930311573,Yes,Medium,-1.0786465380089914,-0.0919923287978723,0.533071359017599,0
659,0,17,-1.1666964357610003,8,-1.6587477264433719,4,1.636543414894077,Yes,Medium,-0.36162166128085366,1.0364442789636872,-1.892147097501099,1
660,0,21,1.1849873093339613,7,0.29324210943542967,8,0.8199990129127684,Yes,Medium,1.0597373863926236,-0.6736701567401092,0.21725667057658937,2
661,0,19,0.40109272763564074,4,-1.4812941049998445,5,1.0084323364469165,No,Low,0.3744392741214822,-0.5244984336185351,-0.6050532729113236,1
662,1,19,-1.5586437266101607,4,-0.1503919441733889,7,0.19188793446560795,No,High,-1.1294093611401872,2.7015315210353044,-1.2426414174997769,0
663,1,18,-1.5586437266101607,8,0.4706957308789571,9,1.0084323364469165,No,High,-0.9834662446379996,2.8706132277357335,-1.8802295620882308,0
664,0,20,0.793040018484801,7,-0.8602064299474986,7,1.1968656599810648,Yes,Low,1.345278266505599,-0.5057699215927111,0.12787515498007715,2
665,1,19,1.1849873093339613,4,1.7128710809836492,2,-1.6296341930311573,No,High,0.05717162955150971,-0.8188598831459126,1.5996907784693108,1
666,1,21,0.009145436786480443,4,-0.8602064299474986,6,0.254699042310324,No,Low,0.3934753327956813,-0.32135533962628027,0.12787515498007715,1
667,0,18,0.009145436786480443,7,-1.5700209157216083,6,-0.6246564675157006,No,High,-0.3045134852582582,-0.4830856677745168,0.30663818617310157,1
668,0,18,-0.38280185406267986,6,-0.7714796192257348,9,-0.9387120067392809,No,Medium,-0.3235495439324573,-0.229830676651483,0.5867002683755058,1
669,1,21,0.40109272763564074,4,-1.5700209157216083,5,1.1340545521363485,Yes,Medium,-0.16491572164747104,-0.6286429631079298,-1.2307238820869089,1
670,1,20,0.40109272763564074,5,0.5594225416007208,6,-1.4412008694970093,Yes,Medium,-0.49487407200024175,-0.6923549105602653,0.9025149568165165,1
671,1,21,-0.7747491449118401,7,-1.6587477264433719,1,0.8828101207574844,No,Low,-0.34893095549805453,0.18981051570284277,-1.1651774373161328,1
672,0,20,1.5769346001831217,4,-0.41657237633868,8,1.0084323364469165,Yes,Low,1.110500209523819,-0.7609677770473959,0.08616378103503806,2
673,0,21,0.793040018484801,8,-1.6587477264433719,9,-1.127145330273429,No,High,-0.7804149521132174,-0.857585895161927,0.336432024705272,1
674,0,21,-1.5586437266101607,5,0.825602973766012,9,0.9456212286022004,No,High,-0.8692498925928096,3.002938041675199,-1.7133840663080744,1
675,0,17,0.793040018484801,4,-0.06166513345162517,0,-0.18497871260268833,No,High,0.6409440955602593,-0.6223417814917649,0.7773808349813989,2
676,1,18,0.009145436786480443,5,1.5354174595401215,0,0.3803212579997561,Yes,Low,1.0216652690442263,-0.17579804429286738,0.5986178037883745,2
677,0,21,0.009145436786480443,5,0.6481493523224845,2,0.5687545815339042,No,High,0.4632742146010749,-0.3051823068114567,-0.1045167855708549,1
678,0,21,-1.1666964357610003,6,0.38196892015719336,2,0.1290768266208919,Yes,Medium,-0.659853247176628,0.8636868829871618,-0.7421049301593088,1
679,0,19,-0.38280185406267986,5,1.0030565952095394,0,-1.315578653807577,Yes,High,-1.2372803602939775,-0.49448030453041536,0.08616378103503806,0
680,0,18,0.40109272763564074,6,-0.9489332406692623,6,-1.378389761652293,No,Medium,0.09524374689990694,-0.5784085430012806,1.3970926764505505,1
681,0,19,0.793040018484801,7,1.7128710809836492,3,1.636543414894077,Yes,Low,1.377005030962596,-0.5005189369125735,-0.2594447459381424,2
682,1,18,0.009145436786480443,6,1.091783405931303,9,1.699354522738793,Yes,Medium,0.7615058004968492,-0.23607934842084646,-0.8970328905265963,2
683,1,19,1.5769346001831217,8,-0.6827528085039711,1,-1.5668230851864413,No,Medium,0.07620768822570878,-0.8941094108259948,1.5579794045242725,1
684,0,21,-0.7747491449118401,4,1.446690648818358,9,-0.9387120067392809,Yes,Medium,-1.0532651264433937,-0.08219049072828225,-0.09855801786442069,0
685,1,21,-1.5586437266101607,7,-0.41657237633868,4,-1.5668230851864413,Yes,Low,-2.214464705569493,1.4444457886103748,-0.5931357374984552,0
686,0,17,-0.38280185406267986,7,0.11578848799190225,5,-0.12216760475797228,No,Low,-0.7550335405476197,-0.3548041120387566,-0.5931357374984552,1
687,0,19,1.5769346001831217,8,-0.06166513345162517,8,-0.24778982044740436,No,Low,1.7577262044465631,-0.6776521534558803,1.8857116283781505,2
688,1,20,-0.38280185406267986,6,0.5594225416007208,3,1.573732307049361,Yes,Low,0.025444865094512457,-0.12874922155883514,-1.4690745903442748,1
689,1,17,-1.1666964357610003,4,-0.41657237633868,1,-1.378389761652293,No,High,-1.3134245949907712,0.4850908875492445,0.0742462456221695,0
690,0,19,0.009145436786480443,6,1.1805102166530668,4,0.9456212286022004,No,Low,0.2856043336418905,-0.34635002670373516,-0.6288883437370597,1
691,0,19,-0.7747491449118401,5,1.0030565952095394,2,1.3224878756704967,Yes,Medium,0.01909951220311337,0.3319371677118994,-1.2366826497933427,1
692,0,17,1.5769346001831217,6,0.4706957308789571,1,0.8828101207574844,Yes,Low,1.1866444442206125,-0.7511659389778059,0.27684434764093085,2
693,1,21,-0.38280185406267986,7,0.38196892015719336,0,-1.001523114583997,No,High,-0.8629045397014101,-0.38604747088557495,0.1397926903929451,1
694,0,19,0.40109272763564074,4,-1.6587477264433719,9,1.3224878756704967,Yes,High,0.9074489169990364,-0.42157913388783913,-0.4024551708925623,2
695,0,21,-1.1666964357610003,6,-0.7714796192257348,1,0.5059434736891881,No,High,-0.5646729538056362,0.918822222128606,-1.0102494769488453,1
696,0,17,0.40109272763564074,4,1.7128710809836492,5,-1.6296341930311573,No,Medium,0.43789280303547673,-0.5122461360315476,1.95721684085536,1
697,1,21,-0.7747491449118401,4,-1.037660051391026,7,-1.064334222428713,Yes,Low,-0.6852346587422252,0.059936161280774385,0.36622586323744305,1
698,0,18,1.5769346001831217,5,-0.7714796192257348,2,0.6943767972233363,Yes,Low,0.8439953880850419,-0.7952742102909613,0.13383392268651098,2
699,0,20,-1.1666964357610003,5,0.4706957308789571,8,0.3803212579997561,No,Low,-0.6661986000680271,0.8600111937110657,-0.9864144061231084,1
700,1,19,1.5769346001831217,7,-1.037660051391026,8,-0.12216760475797228,No,Medium,0.4569288617096758,-0.8451002204780442,0.5449888944304675,1
701,0,20,0.009145436786480443,8,-0.9489332406692623,1,-0.6246564675157006,No,Medium,-1.0596104793347931,-0.6580484773167001,-0.4024551708925623,0
702,0,21,1.1849873093339613,4,1.0030565952095394,7,-0.4362231439815525,No,High,0.4505835088182758,-0.7618866993664202,0.8369685120457403,1
703,1,19,-1.1666964357610003,8,1.1805102166530668,9,0.5059434736891881,Yes,High,-0.5900543653712335,0.9041194650242212,-1.0340845477745815,1
704,0,21,0.40109272763564074,7,-0.06166513345162517,4,0.7571879050680523,No,Low,0.06986233533430879,-0.5833094620360755,-0.6527234145627966,1
705,1,18,-0.7747491449118401,4,1.6241442702618853,3,1.510921199204645,Yes,Medium,0.609217331103262,0.5598299028298689,-0.8612802842879917,1
706,1,17,0.009145436786480443,4,-1.6587477264433719,9,1.1340545521363485,Yes,Medium,0.06986233533430879,-0.3963394008586446,-1.0102494769488453,1
707,0,19,1.1849873093339613,8,-1.7474745371651357,4,1.0084323364469165,No,Low,1.2691340318088051,-0.6433457202123148,0.23513297369589173,2
708,0,18,-1.5586437266101607,6,1.3579638380965942,3,-0.37341203613683643,Yes,Low,-1.1611361255971844,2.6647746282743414,-0.7361461624528746,0
709,0,18,0.009145436786480443,5,0.29324210943542967,7,1.573732307049361,Yes,High,1.110500209523819,-0.15521418434672835,-0.45012531254403526,2
710,0,19,-0.7747491449118401,6,0.5594225416007208,3,0.1290768266208919,No,High,-0.5583276009142363,0.10894535162872493,-0.6467646468563619,1
711,1,21,-0.38280185406267986,8,-1.6587477264433719,9,1.3852989835152127,Yes,High,0.361748568338684,-0.031343455742283394,-0.9744968707102399,1
712,0,18,-1.1666964357610003,5,0.9143297844877757,5,0.9456212286022004,Yes,Low,-0.786760305004617,0.790173097465236,-1.6359200861244307,1
713,1,20,1.5769346001831217,6,-0.5940259977822074,1,0.1290768266208919,No,Low,1.0978095037410198,-0.7626014167256608,0.90847372452295,2
714,0,18,-0.7747491449118401,5,-1.6587477264433719,4,-1.252767545962861,No,High,-1.1484454198143854,-0.11894738348924509,0.10999885186077436,0
715,0,21,-1.1666964357610003,4,0.7368761630442482,5,0.3803212579997561,No,High,-1.0532651264433937,0.6357941478691923,-1.3498992362155917,0
716,0,21,1.5769346001831217,6,-0.5052991870604437,4,1.1968656599810648,No,Medium,1.992504261428342,-0.6474298194079775,0.7356694610363594,2
717,1,20,0.793040018484801,5,-0.7714796192257348,1,-1.189956438118145,No,Medium,0.5267277435150693,-0.6412453263402599,1.6235258492950477,1
718,0,18,0.40109272763564074,5,1.446690648818358,6,1.4481100913599287,No,High,0.609217331103262,-0.4791649325466809,-0.8016926072236503,1
719,0,21,-1.5586437266101607,5,0.6481493523224845,3,-0.49903425182626854,No,High,-1.6180015337779445,2.135475372516477,-1.04600208318745,0
720,0,19,0.009145436786480443,6,-0.06166513345162517,7,0.7571879050680523,Yes,Medium,0.2602229220762923,-0.3522311295454892,-0.4739603833697722,1
721,0,17,-0.7747491449118401,7,1.6241442702618853,6,-0.18497871260268833,Yes,High,-0.012627252253883881,0.3196848701249117,0.1636277612186817,1
722,1,17,-1.5586437266101607,6,0.29324210943542967,6,-0.5618453596709846,No,Medium,-1.846434237868325,1.870825744637544,-1.2009300435547379,0
723,0,17,-0.38280185406267986,8,0.027061677270138536,8,-1.4412008694970093,Yes,Medium,-0.7359974818734211,-0.3492905781246121,0.6760817839720185,1
724,1,18,-1.1666964357610003,6,-0.9489332406692623,0,-1.064334222428713,Yes,Medium,-1.2372803602939775,0.5291991588624001,-0.1521869272223279,0
725,1,20,-1.1666964357610003,5,-0.5940259977822074,9,-0.8130897910498488,No,Low,-0.8057963636788151,0.7791460296369473,0.014658568557828027,1
726,1,21,-0.7747491449118401,4,1.446690648818358,5,-1.252767545962861,Yes,Low,-1.116718655357388,-0.10669508590225739,0.1397926903929451,0
727,1,19,1.1849873093339613,6,-0.2391187548951526,5,-0.5618453596709846,No,High,0.7043976244742538,-0.7251298066054573,1.194494574431789,2
728,1,19,1.1849873093339613,6,0.29324210943542967,5,-0.31060092829212044,Yes,Medium,0.4125113914698795,-0.7674002332805645,0.6820405516784527,1
729,1,18,0.793040018484801,5,-0.5940259977822074,5,-0.059356496913256236,No,Low,1.0851187979582209,-0.5488279959698392,1.0753192203031061,2
730,0,17,0.40109272763564074,4,1.1805102166530668,9,0.7571879050680523,Yes,High,0.8439953880850419,-0.43383143147482667,0.0742462456221695,2
731,1,18,1.5769346001831217,4,-0.7714796192257348,6,0.254699042310324,Yes,High,0.602871978211863,-0.8263133641779966,0.32451448929240395,1
732,1,20,-0.38280185406267986,8,0.11578848799190225,9,-0.12216760475797228,Yes,High,0.2602229220762923,-0.060748969951053826,0.3602670955310083,1
733,1,20,-1.5586437266101607,6,-1.303840483556317,5,-0.059356496913256236,No,High,-1.5418572990811514,2.223691915142787,-1.3916106101606307,0
734,0,21,1.1849873093339613,4,1.3579638380965942,0,-0.5618453596709846,Yes,High,1.110500209523819,-0.6663187781879166,1.5758557076435749,2
735,0,21,0.793040018484801,4,1.3579638380965942,2,1.3852989835152127,Yes,Medium,1.7069633813153666,-0.4459086962391432,0.28876188305379846,2
736,1,20,0.793040018484801,7,0.11578848799190225,1,0.8828101207574844,No,High,0.856686093867841,-0.5866350856668293,-0.033011573093644976,2
737,0,20,-0.7747491449118401,7,-0.5940259977822074,5,0.06626571877617586,No,Medium,-0.7042707174164243,0.05258478272858145,-0.7242286270400066,1
738,1,20,-0.38280185406267986,4,-0.41657237633868,7,0.6943767972233363,Yes,Low,-0.5392915422400381,-0.29231739434511966,-1.1651774373161328,1
739,1,18,1.5769346001831217,8,1.3579638380965942,2,0.8199990129127684,Yes,High,1.6688912639669704,-0.6890876312037352,0.7892983703942671,2
740,0,20,0.40109272763564074,4,0.38196892015719336,9,0.31751015015504,Yes,Low,0.4950009790580721,-0.5012190682032586,0.1636277612186817,1
741,1,19,0.009145436786480443,5,1.0030565952095394,7,-0.5618453596709846,Yes,Medium,0.5267277435150693,-0.2904795497070716,1.027649078651633,1
742,0,17,-0.7747491449118401,6,1.091783405931303,7,0.5687545815339042,No,Medium,-0.5837090124798344,0.09914351355913462,-1.0877134571324891,1
743,0,20,1.5769346001831217,8,1.3579638380965942,4,-0.5618453596709846,Yes,Low,0.7932325649538464,-0.8018087690040215,1.2779173223218674,2
744,1,17,0.009145436786480443,5,-0.06166513345162517,7,0.31751015015504,Yes,High,0.5901812724290639,-0.27577679260268656,0.2530092768151939,1
745,1,18,0.009145436786480443,8,-0.2391187548951526,5,1.1968656599810648,No,High,0.6536348013430584,-0.2610740354983012,-0.5216305250212452,2
746,0,17,-0.38280185406267986,5,1.5354174595401215,4,-0.7502786832051327,Yes,Low,0.05717162955150971,-0.11955999836859443,0.7654632995685302,1
747,1,18,-0.38280185406267986,6,-1.5700209157216083,8,-0.31060092829212044,Yes,Low,-0.7486881876562201,-0.35296626740070847,-0.4084139385989965,1
748,1,19,-1.5586437266101607,6,0.20451529871366597,6,-1.315578653807577,Yes,Low,-1.7893260618457298,1.936988151607277,-0.432249009424733,0
749,1,18,0.793040018484801,7,1.0030565952095394,7,-0.12216760475797228,No,High,1.2120258557862098,-0.5278240572492888,1.2540822514961305,2
750,0,18,1.5769346001831217,5,-0.41657237633868,0,0.254699042310324,No,High,1.503912088790585,-0.7103249470211807,1.170659503606053,2
751,0,21,-0.7747491449118401,7,-1.392567294278081,1,-1.001523114583997,Yes,High,-1.7512539444973332,-0.35174103764200965,-0.6944347885078354,0
752,1,20,-1.1666964357610003,5,-1.4812941049998445,7,-1.252767545962861,Yes,Low,-1.2372803602939775,0.5291991588624001,0.026576103970696492,0
753,0,20,-0.7747491449118401,7,0.027061677270138536,8,-1.4412008694970093,No,High,-1.7512539444973332,-0.35174103764200965,-0.2773210490574451,0
754,0,19,-1.5586437266101607,6,1.7128710809836492,3,0.8828101207574844,Yes,Medium,-0.7677242463304184,3.120560098510281,-1.5584561059407867,1
755,0,19,0.40109272763564074,8,-0.5940259977822074,9,0.003454610931459811,Yes,Low,0.09524374689990694,-0.5784085430012806,0.08616378103503806,1
756,0,20,0.793040018484801,7,1.6241442702618853,9,1.573732307049361,No,High,2.1574834366047284,-0.3713447137811899,0.533071359017599,2
757,0,21,-1.1666964357610003,5,0.9143297844877757,8,-1.4412008694970093,No,Low,-0.9898115975293991,0.6725510406301551,0.4377310757146524,0
758,1,20,1.1849873093339613,5,-0.5940259977822074,3,1.3224878756704967,No,Medium,1.7069633813153666,-0.579940080199654,0.34834956011813994,2
759,1,21,0.40109272763564074,6,-1.303840483556317,9,-0.12216760475797228,Yes,Medium,0.4632742146010749,-0.5073452169967524,0.5509476621369013,1
760,1,19,-0.38280185406267986,5,-0.7714796192257348,9,-1.4412008694970093,Yes,Low,-1.0342290677691954,-0.43566927611287487,0.39601970176961343,0
761,0,17,0.009145436786480443,4,-0.41657237633868,9,-0.37341203613683643,Yes,Low,-0.46314730754324446,-0.5198425605354796,-0.08068171474511798,1
762,0,19,1.1849873093339613,8,-0.3278455656169163,8,-0.8130897910498488,Yes,Medium,0.4569288617096758,-0.7609677770473959,1.2004533421382237,1
763,1,19,-0.7747491449118401,7,0.20451529871366597,6,-0.9387120067392809,No,Low,-1.383223476796165,-0.20961438563295326,-0.4084139385989965,0
764,0,18,-0.7747491449118401,8,-0.5940259977822074,1,0.003454610931459811,Yes,Medium,-0.6027450711540325,0.09179213500694194,-0.5693006666727182,1
765,1,18,-0.38280185406267986,6,-1.2151136728345535,8,0.31751015015504,Yes,Medium,-0.8629045397014101,-0.38604747088557495,-1.1115485279582258,1
766,1,18,-1.5586437266101607,7,1.0030565952095394,3,0.9456212286022004,No,High,-0.1331889571904738,3.855697953729537,-1.0221670123617137,1
767,1,18,1.5769346001831217,7,-0.5052991870604437,7,-0.31060092829212044,No,Low,0.4950009790580721,-0.8401993014432495,0.7595045318620964,1
768,0,21,1.1849873093339613,4,-0.3278455656169163,6,0.31751015015504,Yes,Low,0.9137942698904354,-0.694805370077663,0.556906429843335,2
769,0,20,1.1849873093339613,6,1.1805102166530668,6,0.9456212286022004,No,High,1.6815819697497694,-0.5836157694757502,0.6820405516784527,2
770,1,17,0.40109272763564074,5,-1.392567294278081,7,-0.6246564675157006,No,Medium,-0.7740695992218178,-0.7462650199430109,-0.13431062410302563,1
771,1,19,0.793040018484801,4,0.5594225416007208,0,1.3852989835152127,Yes,Low,1.0280106219356262,-0.5582797683940863,-0.3488262615346546,2
772,1,21,0.40109272763564074,4,0.20451529871366597,4,1.573732307049361,Yes,High,0.6472894484516593,-0.4718135539944882,-0.8851153551137279,2
773,1,17,1.5769346001831217,8,1.7128710809836492,1,0.1290768266208919,Yes,High,1.3389329136141987,-0.7315622628386258,1.1349068973674477,2
774,0,21,-0.7747491449118401,8,-0.5940259977822074,1,-0.12216760475797228,Yes,Low,-0.20933319188726648,0.24372062508558862,-0.08068171474511798,1
775,0,21,-0.7747491449118401,8,-0.5052991870604437,0,-0.7502786832051327,No,High,-1.3959141825789638,-0.2145153046677483,-0.5990945052048889,0
776,1,19,-0.7747491449118401,4,1.091783405931303,4,-0.9387120067392809,No,Medium,-1.1928628900541818,-0.13610060011102756,-0.22965090740597208,0
777,1,20,-0.7747491449118401,5,0.9143297844877757,1,0.6943767972233363,Yes,High,-0.2537506621270628,0.22656740846380563,-0.8970328905265963,1
778,0,18,1.5769346001831217,7,1.2692370273748306,3,0.31751015015504,Yes,Medium,1.6371644995099732,-0.6931717303993981,1.2362059483768282,2
779,0,20,-0.38280185406267986,8,-0.3278455656169163,2,-0.12216760475797228,No,Medium,-0.08877148695067746,-0.16183042504370165,0.032534871677130296,1
780,1,19,0.793040018484801,5,0.6481493523224845,2,1.2596767678257808,Yes,Low,1.2500979731346071,-0.5215228756331235,-0.021094037680776515,2
781,1,19,1.5769346001831217,6,-0.1503919441733889,1,-1.6924453008758733,Yes,High,0.5203823906236703,-0.8369320220867192,2.0942684981033457,1
782,1,19,0.793040018484801,8,0.20451529871366597,5,1.3224878756704967,Yes,Medium,1.751380851555163,-0.43855731768695067,0.390060934063179,2
783,0,17,1.5769346001831217,7,1.0030565952095394,1,0.6315656893786202,Yes,Medium,1.7069633813153666,-0.6841867121689404,1.0038140078258961,2
784,0,20,-0.7747491449118401,6,1.7128710809836492,7,-1.6296341930311573,No,High,-1.2118989487283798,-0.14345197866322024,0.4079372371824817,0
785,0,20,-0.38280185406267986,6,-0.6827528085039711,7,1.3224878756704967,Yes,Medium,0.48231027327527304,0.0035755923806311566,-0.8016926072236503,1
786,1,21,1.1849873093339613,7,-0.06166513345162517,4,-1.378389761652293,No,High,0.03179021798591245,-0.8225355724220088,1.337504999386209,1
787,1,21,0.40109272763564074,8,1.2692370273748306,9,1.1340545521363485,Yes,Low,0.7615058004968492,-0.4497594183379107,-0.36074379694752307,2
788,0,21,0.009145436786480443,4,-1.392567294278081,6,1.3852989835152127,Yes,Medium,0.5457638021892676,-0.28606872257575616,-0.8016926072236503,1
789,0,19,-0.38280185406267986,7,-1.037660051391026,3,0.6315656893786202,No,Medium,0.2538775691848932,-0.06258681458910187,-0.36074379694752307,1
790,1,20,1.1849873093339613,7,0.7368761630442482,0,0.8828101207574844,Yes,High,1.9417414382971465,-0.5459399543957634,0.9859377047065939,2
791,0,19,-1.5586437266101607,7,-1.303840483556317,1,-0.24778982044740436,No,High,-2.062176236175906,1.6208788738629967,-1.7014665308952064,0
792,0,17,1.5769346001831217,6,0.38196892015719336,9,-0.6246564675157006,Yes,High,0.9391756814560336,-0.7830219127039737,1.474556656634194,2
793,1,21,-1.5586437266101607,5,0.9143297844877757,9,-0.059356496913256236,Yes,High,-0.7486881876562201,3.142614234166859,-0.6467646468563624,1
794,0,19,1.1849873093339613,4,0.11578848799190225,3,0.8199990129127684,Yes,Medium,1.8465611449261548,-0.5597237891811244,0.9561438661744232,2
795,1,19,-0.38280185406267986,8,-1.6587477264433719,0,-1.252767545962861,Yes,Low,-0.5773636595884353,-0.30334446217340866,0.6462879454398472,1
796,1,17,1.5769346001831217,8,-1.392567294278081,7,0.003454610931459811,Yes,Low,0.4950009790580721,-0.8401993014432495,0.4615661465403891,1
797,1,18,0.009145436786480443,5,0.5594225416007208,8,-1.127145330273429,No,Low,-0.36796701417225275,-0.49778842487890196,0.7237519256234921,1
798,1,20,-0.7747491449118401,7,0.38196892015719336,3,-0.6874675753604167,No,Low,-1.3705327710133661,-0.20471346659815823,-0.6348471114434939,0
799,1,18,1.5769346001831217,4,-1.1263868621127897,9,1.699354522738793,Yes,High,1.3008607962658025,-0.7364631818734209,-0.3905376354796938,2
800,1,21,1.5769346001831217,8,-1.7474745371651357,2,0.06626571877617586,Yes,Medium,0.6345987426688602,-0.822229264982334,0.533071359017599,2
801,1,19,-0.38280185406267986,8,-0.06166513345162517,1,-1.378389761652293,No,Medium,-0.8565591868100105,-0.3842096262475268,0.5032775204854283,1
802,0,17,-0.38280185406267986,7,0.20451529871366597,4,-0.8759008988945648,No,Medium,-0.40603913152064997,-0.2537226569461088,0.44964861112752047,1
803,1,17,1.1849873093339613,5,1.0030565952095394,2,-0.37341203613683643,Yes,High,1.364314325179797,-0.6295618854269538,1.6354433847079164,2
804,1,20,-1.1666964357610003,4,-0.8602064299474986,9,1.636543414894077,Yes,Medium,0.0635169824429097,1.2827154604621385,-1.4929096611700108,1
805,0,18,1.5769346001831217,5,1.6241442702618853,6,-1.378389761652293,No,High,0.5203823906236703,-0.8369320220867192,1.7963301127816385,1
806,0,20,0.40109272763564074,5,0.29324210943542967,5,-0.12216760475797228,Yes,Medium,0.742469741822651,-0.4534351076140068,0.8131334412200043,2
807,0,19,1.5769346001831217,4,-0.8602064299474986,0,0.6943767972233363,No,Low,1.2691340318088051,-0.7405472810690834,0.533071359017599,2
808,1,20,1.1849873093339613,4,0.7368761630442482,7,-1.001523114583997,Yes,High,1.116845562415218,-0.6653998558688926,1.9989282148003988,2
809,0,17,0.793040018484801,8,0.4706957308789571,1,0.44313236584447213,No,Medium,1.1993351500034106,-0.5299244511213441,0.7058756225041888,2
810,1,17,-1.5586437266101607,8,-0.41657237633868,4,-0.8759008988945648,No,Low,-1.935269178347917,1.7679064449068482,-0.9864144061231084,0
811,1,21,-0.7747491449118401,4,1.2692370273748306,8,-0.37341203613683643,Yes,Low,0.025444865094512457,0.33438762722929677,0.37814339865031066,1
812,1,21,-1.1666964357610003,6,-0.06166513345162517,7,1.4481100913599287,No,Low,-0.8565591868100105,0.7497405154281771,-2.1781679474099382,1
813,1,19,0.009145436786480443,8,-1.5700209157216083,1,-0.31060092829212044,Yes,High,-1.0659558322261926,-0.6595187530271386,-0.7063523239207038,0
814,0,18,0.009145436786480443,6,-1.7474745371651357,8,1.2596767678257808,Yes,High,-0.27913207369266096,-0.4772045649327628,-1.4571570549314063,1
815,0,20,0.009145436786480443,4,-1.7474745371651357,4,-1.315578653807577,Yes,Medium,-0.4314205430862472,-0.5124911819832872,0.842927279752175,1
816,1,19,-0.38280185406267986,8,-0.3278455656169163,9,0.7571879050680523,Yes,Low,-0.24105995634426372,-0.2059386963568569,-0.9447030321780693,1
817,1,21,0.009145436786480443,5,-1.6587477264433719,5,1.3852989835152127,No,Medium,0.742469741822651,-0.24049017555216193,-0.6169708083241913,2
818,1,20,-0.7747491449118401,4,0.7368761630442482,2,-0.18497871260268833,Yes,Medium,-0.8375231281358124,0.001125132863233773,-0.6110120406177574,1
819,0,21,-1.5586437266101607,7,-0.06166513345162517,2,-0.9387120067392809,Yes,Low,-2.265227528700689,1.3856347601928343,-1.2366826497933427,0
820,1,20,0.009145436786480443,6,-1.303840483556317,9,-0.4362231439815525,Yes,Medium,-0.6154357769368316,-0.5551291775860041,-0.16410446263519637,1
821,1,18,1.5769346001831217,4,-1.1263868621127897,7,0.8199990129127684,Yes,High,0.7551604476054492,-0.8067096880388166,-0.06876417933225037,2
822,0,19,1.5769346001831217,4,0.7368761630442482,9,-1.127145330273429,No,Medium,1.510257441681984,-0.709508127182048,2.487547166727999,2
823,0,20,-0.38280185406267986,8,1.091783405931303,9,1.573732307049361,Yes,Low,0.5838359195376648,0.03298110658940159,-0.9447030321780693,1
824,1,17,-0.7747491449118401,8,-1.5700209157216083,1,1.699354522738793,No,High,6.345352891519921e-05,0.3245857891597065,-1.6120850152986943,1
825,0,17,-1.5586437266101607,8,1.2692370273748306,1,-1.189956438118145,No,High,-1.4466770057101597,2.333962593425676,-0.22965090740597208,0
826,0,20,-1.1666964357610003,7,-1.392567294278081,4,-0.8130897910498488,No,Medium,-1.040574420660595,0.6431455264213847,-0.20581583658023558,0
827,1,20,1.1849873093339613,8,0.5594225416007208,5,1.510921199204645,Yes,Medium,1.6498552052927722,-0.5882103810708706,0.1159576195672088,2
828,0,20,-1.5586437266101607,4,-0.7714796192257348,1,-1.6296341930311573,Yes,High,-1.9987227072619116,1.6943926593849223,-0.33094995841535235,0
829,1,17,1.1849873093339613,8,-0.06166513345162517,4,-0.18497871260268833,Yes,Medium,0.2602229220762923,-0.7894543689371423,0.41985477259534976,1
830,0,17,0.793040018484801,5,-0.06166513345162517,6,-0.9387120067392809,Yes,Low,0.01909951220311337,-0.7252610812224607,0.90847372452295,1
831,1,20,1.1849873093339613,8,-1.037660051391026,9,0.3803212579997561,No,Medium,1.2945154433744024,-0.6396700309362187,0.8548448151650424,2
832,1,21,0.40109272763564074,7,1.6241442702618853,9,1.4481100913599287,No,Medium,1.2183712086776097,-0.36154287571159965,-0.22965090740597166,2
833,1,21,1.5769346001831217,5,-1.4812941049998445,7,0.3803212579997561,Yes,High,0.8186139765194437,-0.7985414896474915,0.40793723718248137,2
834,0,18,-0.7747491449118401,4,-0.1503919441733889,6,0.44313236584447213,Yes,Medium,-0.07608078116787838,0.29518027495093657,-0.49183668648907447,1
835,1,19,-0.38280185406267986,4,1.5354174595401215,7,0.6315656893786202,Yes,Medium,0.742469741822651,0.07892722254060515,0.09808131644790642,2
836,0,21,0.40109272763564074,6,0.5594225416007208,8,-1.5668230851864413,Yes,Medium,-0.5456368951314381,-0.7021567486298556,0.9740201692937255,1
837,1,17,1.1849873093339613,5,-0.6827528085039711,4,0.8828101207574844,Yes,Low,1.6371644995099732,-0.5900482257089188,0.6999168547977549,2
838,1,21,0.009145436786480443,6,-0.6827528085039711,4,-1.378389761652293,Yes,Medium,-0.29182277947546004,-0.48014511635363993,1.033607846358067,1
839,0,18,-0.7747491449118401,5,0.11578848799190225,9,1.699354522738793,Yes,Low,0.42520209725267855,0.48876657682534086,-1.2128475789676059,1
840,1,18,0.40109272763564074,5,0.6481493523224845,3,1.2596767678257808,No,Low,0.8059232707366455,-0.4411828100270192,-0.4382077771311668,2
841,1,19,-0.38280185406267986,7,0.11578848799190225,8,1.3224878756704967,No,Low,0.3998206856870804,-0.020316387913994642,-0.879156587407294,1
842,0,21,1.5769346001831217,6,-0.1503919441733889,4,-0.5618453596709846,No,Low,1.357968972288397,-0.7291118033212283,1.8082476481945065,2
843,1,17,-0.7747491449118401,7,-1.1263868621127897,1,-1.5668230851864413,No,High,-1.4784037701671568,-0.2463712783939161,0.0980813164479061,0
844,1,17,-0.38280185406267986,5,-1.1263868621127897,9,-0.6246564675157006,Yes,Low,-1.09768259668319,-0.4540477224933563,-0.4382077771311672,0
845,1,20,0.793040018484801,4,0.4706957308789571,7,0.6943767972233363,Yes,Medium,0.5394184492978684,-0.639144932468205,-0.1521869272223279,1
846,1,17,0.793040018484801,5,0.4706957308789571,6,-1.189956438118145,Yes,Low,-0.34893095549805453,-0.7861725035120564,0.8012159058071356,1
847,0,19,-0.38280185406267986,7,0.20451529871366597,7,1.510921199204645,Yes,Medium,0.8122686236280446,0.09914351355913462,-0.6705997176820989,2
848,0,19,0.40109272763564074,6,-0.6827528085039711,2,-1.001523114583997,Yes,Low,-0.5837090124798344,-0.709508127182048,0.4019784694760476,1
849,1,17,-0.7747491449118401,6,0.6481493523224845,3,-1.4412008694970093,No,High,-0.9200127157240051,-0.030730840862934306,0.5032775204854283,1
850,0,17,0.40109272763564074,7,-1.037660051391026,4,-1.5668230851864413,Yes,Low,-0.5710183066970353,-0.7070576676646506,0.9501850984679893,1
851,1,20,-1.1666964357610003,6,-0.06166513345162517,5,-1.064334222428713,No,Low,-1.7449085916059335,0.23514401677469726,-0.6288883437370597,0
852,0,17,1.1849873093339613,8,-0.1503919441733889,0,0.1290768266208919,Yes,High,1.1929897971120116,-0.6543727880406037,0.9978552401194624,2
853,1,20,-1.1666964357610003,4,1.6241442702618853,3,-1.5040119773417253,No,Low,-0.7994510107874157,0.7828217189130436,0.6760817839720185,1
854,1,20,0.793040018484801,4,-0.7714796192257348,9,-1.4412008694970093,Yes,Medium,-0.716961423199223,-0.8470839258016519,0.6939580870913207,1
855,1,17,1.5769346001831217,4,-0.5052991870604437,4,-1.6924453008758733,No,Low,-0.0633900753850793,-0.9120794472869099,1.546061869111404,1
856,1,18,-1.5586437266101607,6,0.9143297844877757,6,-0.059356496913256236,Yes,Low,-1.3197699478821707,2.480990164469527,-1.1830537404354355,0
857,1,18,1.1849873093339613,6,-0.5940259977822074,4,0.003454610931459811,Yes,Low,0.7932325649538464,-0.7122648941391202,0.7416282287427941,2
858,1,20,0.793040018484801,5,-0.8602064299474986,0,0.06626571877617586,Yes,High,1.0787734450668218,-0.5498781929058665,0.9501850984679893,2
859,0,17,0.40109272763564074,5,0.4706957308789571,6,-0.6246564675157006,Yes,Low,-0.057044722493680214,-0.6078140572100509,0.5390301267240328,1
860,1,18,0.40109272763564074,4,0.5594225416007208,7,-1.001523114583997,No,Low,0.3807846270128822,-0.5232732038598364,1.3077111608540382,1
861,0,17,0.40109272763564074,8,-0.8602064299474986,6,-0.9387120067392809,Yes,Medium,-0.5963997182626335,-0.7119585866994455,0.33047325699883756,1
862,1,17,1.5769346001831217,5,1.5354174595401215,3,0.8199990129127684,No,Low,2.024231025885339,-0.6433457202123148,1.1229893619545792,2
863,0,17,-1.1666964357610003,5,1.1805102166530668,7,-1.6296341930311573,Yes,Low,-0.9453941272896033,0.698280865562829,0.6582054808527159,1
864,0,21,-1.5586437266101607,6,-0.1503919441733889,4,0.5687545815339042,No,Low,-0.7233067760906224,3.1720197483756283,-1.2188063466740406,1
865,0,17,0.40109272763564074,8,-1.303840483556317,9,1.0712434442916325,Yes,Low,1.0724280921754217,-0.3897231601616713,-0.0091765022679089,2
866,1,21,1.1849873093339613,4,1.5354174595401215,8,-0.7502786832051327,Yes,Medium,1.3262422078313998,-0.6350754193410983,1.95721684085536,2
867,1,20,-0.7747491449118401,5,0.6481493523224845,9,1.2596767678257808,No,Medium,0.5521091550806675,0.5377757671732915,-0.6765584853885327,1
868,0,18,-1.5586437266101607,8,-1.7474745371651357,4,-0.24778982044740436,Yes,High,-1.4593677114929584,2.319259836321291,-1.135383598783962,0
869,1,18,1.5769346001831217,8,1.2692370273748306,0,0.44313236584447213,Yes,Low,1.8148343804691576,-0.6703007749036878,1.2838760900283013,2
870,0,18,-1.5586437266101607,4,1.7128710809836492,8,-0.37341203613683643,No,High,-1.0849918909003908,2.7529911709006525,-0.6646409499756647,0
871,1,18,-0.7747491449118401,8,-1.1263868621127897,4,0.5059434736891881,Yes,High,-1.2118989487283798,-0.14345197866322024,-1.618043783005128,0
872,0,18,1.1849873093339613,8,-1.2151136728345535,5,-1.064334222428713,No,Low,0.038135570877311536,-0.8216166501029848,1.0455253817709353,1
873,0,18,-0.7747491449118401,8,-0.8602064299474986,3,1.699354522738793,Yes,Medium,0.025444865094512457,0.33438762722929677,-1.588249944472958,1
874,1,18,-0.38280185406267986,5,1.6241442702618853,5,1.1340545521363485,No,Medium,0.01275415931171428,-0.13242491083493121,-1.063878386306752,1
875,0,20,1.1849873093339613,4,-1.4812941049998445,7,0.06626571877617586,No,Low,0.9455210343474327,-0.6902107584825427,0.8250509766328716,2
876,1,17,-1.5586437266101607,8,0.38196892015719336,2,0.44313236584447213,No,Low,-1.6116561808865455,2.142826751068669,-1.9338584714461382,0
877,0,19,0.40109272763564074,8,-0.7714796192257348,4,1.2596767678257808,No,Medium,0.1840786873794987,-0.5612553263794979,-1.0221670123617137,1
878,0,21,-1.5586437266101607,5,0.4706957308789571,1,1.636543414894077,Yes,Low,-0.5392915422400381,3.3852097263892134,-2.058992593281255,1
879,1,19,-1.5586437266101607,4,1.5354174595401215,1,-0.8130897910498488,Yes,Low,-0.9834662446379996,2.8706132277357335,-0.1521869272223279,0
880,1,19,1.1849873093339613,6,-0.7714796192257348,6,0.19188793446560795,No,Low,0.5774905666462647,-0.7435082529859387,0.3602670955310083,1
881,1,17,-0.38280185406267986,5,1.446690648818358,9,0.8828101207574844,Yes,Medium,0.9518663872388328,0.1395760955961938,0.05636994250286733,2
882,0,17,-1.5586437266101607,4,0.29324210943542967,9,0.8199990129127684,Yes,High,-0.5900543653712335,3.3263986979716726,-1.3320229330962887,1
883,1,17,0.793040018484801,8,-0.41657237633868,9,0.9456212286022004,Yes,High,0.7043976244742538,-0.6118398121314897,-0.23560967511240632,2
884,0,18,0.009145436786480443,4,-0.6827528085039711,5,-0.7502786832051327,No,Low,-0.7994510107874157,-0.597767173188721,-0.03897034080007921,1
885,0,20,0.009145436786480443,4,0.38196892015719336,3,-1.127145330273429,Yes,Medium,-0.786760305004617,-0.594826621767844,0.33047325699883756,1
886,1,18,-1.5586437266101607,4,-1.4812941049998445,4,1.3224878756704967,Yes,Low,-0.5773636595884353,3.341101455076057,-1.7968068141981532,1
887,1,20,0.40109272763564074,6,-0.8602064299474986,0,0.254699042310324,No,Medium,-0.24105995634426372,-0.6433457202123148,-0.46800161566333753,1
888,0,20,1.5769346001831217,4,1.0030565952095394,6,1.4481100913599287,Yes,Low,2.4810964340661,-0.5845346917947745,0.9561438661744232,2
889,0,19,1.5769346001831217,6,-1.2151136728345535,7,-1.6296341930311573,No,Medium,0.8249593294108437,-0.7977246698083589,2.320701670947843,2
890,1,19,1.1849873093339613,8,-0.8602064299474986,8,-0.24778982044740436,No,Medium,1.1422269739808162,-0.6617241665927963,1.3077111608540382,2
891,1,20,0.009145436786480443,6,0.6481493523224845,7,-0.31060092829212044,No,High,-0.526600836457239,-0.5345453176398648,-0.19985706887380092,1
892,1,20,-1.5586437266101607,8,0.20451529871366597,4,-1.6296341930311573,Yes,Low,-1.7258725329317355,2.0105019371292028,-0.07472294703868418,0
893,1,18,1.5769346001831217,8,0.20451529871366597,2,0.6315656893786202,Yes,High,1.852906497817555,-0.6653998558688926,1.1408656650738822,2
894,1,18,-1.5586437266101607,6,0.6481493523224845,9,0.19188793446560795,No,High,-1.4022595354703633,2.385422243291024,-1.4988684288764451,0
895,0,19,1.1849873093339613,5,0.4706957308789571,8,1.4481100913599287,No,Medium,1.1612630326550144,-0.6589673996357241,-0.2832798167638793,2
896,0,17,0.009145436786480443,7,0.38196892015719336,5,0.7571879050680523,No,Low,0.038135570877311536,-0.40369077941083714,-0.6825172530949674,1
897,0,20,-0.7747491449118401,4,0.7368761630442482,4,-0.12216760475797228,No,Medium,-0.8755952454842092,-0.013577624241151576,-0.7063523239207038,1
898,0,18,0.793040018484801,7,-0.1503919441733889,2,0.06626571877617586,No,Medium,0.27925898075049044,-0.6822030068453329,0.19938036745728624,1
899,1,19,0.793040018484801,4,1.091783405931303,5,-1.5668230851864413,No,Medium,-0.24105995634426372,-0.7683191555995886,1.2600410192025653,1
900,1,18,1.5769346001831217,4,1.3579638380965942,2,-0.8759008988945648,Yes,Low,0.729779036039852,-0.8099769673953465,1.5162680305792333,2
901,1,20,0.793040018484801,8,-0.5940259977822074,9,-0.18497871260268833,No,Low,1.0343559748270255,-0.5572295714580591,1.146824432780316,2
902,0,20,-0.7747491449118401,4,-0.5940259977822074,5,1.2596767678257808,No,Medium,0.22215080472789595,0.41035187226861985,-0.9864144061231084,1
903,0,21,-1.5586437266101607,4,1.2692370273748306,3,-1.6924453008758733,No,Low,-1.0786465380089914,2.7603425494528446,0.5926590360819405,0
904,1,17,1.1849873093339613,6,0.825602973766012,1,1.573732307049361,Yes,Medium,1.351623619396998,-0.6313997300650019,-0.22369213969953786,2
905,1,21,-0.7747491449118401,7,0.6481493523224845,7,-1.5668230851864413,Yes,Low,-1.732217885823135,-0.34438965908981695,-0.14026939180945988,0
906,0,19,1.1849873093339613,6,-0.3278455656169163,3,1.636543414894077,Yes,Low,1.8909786151659511,-0.553291332947956,0.22321543828302318,2
907,0,18,1.1849873093339613,4,-1.5700209157216083,8,-0.12216760475797228,Yes,High,0.40616603857847944,-0.7683191555995886,0.49731875277899357,1
908,1,19,0.009145436786480443,8,-0.41657237633868,6,-0.6246564675157006,No,Medium,0.06986233533430879,-0.3963394008586446,0.6582054808527159,1
909,1,20,-1.5586437266101607,6,0.825602973766012,1,-1.189956438118145,Yes,High,-1.732217885823135,2.00315055857701,-0.4977954541955087,0
910,0,21,0.793040018484801,6,0.7368761630442482,3,0.6315656893786202,No,High,0.8249593294108437,-0.5918860703469669,0.17554529663155027,2
911,1,21,0.009145436786480443,5,-0.5052991870604437,4,-0.31060092829212044,No,Medium,-0.3933484257378509,-0.5036695277206561,-0.07472294703868418,1
912,1,21,1.1849873093339613,4,0.38196892015719336,2,-0.4362231439815525,No,Medium,0.9518663872388328,-0.6892918361635184,1.3077111608540382,2
913,1,19,1.5769346001831217,8,1.5354174595401215,8,-1.6924453008758733,No,Low,1.2627886789174052,-0.7413641009082159,2.7914443197561405,2
914,0,20,0.793040018484801,6,1.5354174595401215,4,-0.4362231439815525,No,Medium,0.8820675054334383,-0.5824342979227194,1.242164716083262,2
915,0,18,0.793040018484801,6,0.20451529871366597,1,-0.059356496913256236,No,High,1.1929897971120116,-0.5309746480573714,1.1766182713124869,2
916,0,18,-1.5586437266101607,8,0.38196892015719336,2,0.8828101207574844,Yes,High,-0.8629045397014101,3.0102894202273927,-1.6478376215372987,1
917,0,19,-0.38280185406267986,4,-1.2151136728345535,8,-1.378389761652293,Yes,Medium,-1.3578420652305674,-0.5293993526533302,0.032534871677130296,0
918,0,21,-1.1666964357610003,5,0.11578848799190225,6,1.699354522738793,Yes,High,-0.14587966297327198,1.1614177143509612,-1.749136672546679,1
919,0,17,-1.1666964357610003,6,-0.3278455656169163,1,1.0084323364469165,Yes,Low,-0.012627252253883881,1.238607189148983,-0.9685381030038062,1
920,0,19,-1.1666964357610003,5,-0.2391187548951526,8,0.5059434736891881,Yes,High,-1.1484454198143854,0.580658808727748,-1.5584561059407867,0
921,1,19,-0.38280185406267986,7,-0.9489332406692623,3,0.003454610931459811,No,Low,-0.17126107453887013,-0.18572240533832746,-0.16410446263519637,1
922,1,20,-1.5586437266101607,4,-0.9489332406692623,8,1.0712434442916325,Yes,High,-1.1357547140315867,2.6941801424831113,-2.0828276641069916,0
923,1,18,-0.38280185406267986,7,-1.2151136728345535,1,-0.6874675753604167,Yes,Low,-1.0786465380089914,-0.4485341885792118,-0.36074379694752307,0
924,1,19,-1.1666964357610003,7,1.5354174595401215,9,0.7571879050680523,Yes,Low,0.2856043336418905,1.4113645851255083,-0.45012531254403526,1
925,1,19,0.009145436786480443,7,0.5594225416007208,3,1.510921199204645,No,Medium,0.9518663872388328,-0.1919710771076912,-0.5395068281405475,2
926,1,21,-0.7747491449118401,4,1.091783405931303,4,-1.5668230851864413,No,Low,-1.0025023033121983,-0.06258681458910187,0.544988894430467,0
927,1,21,1.1849873093339613,4,-1.7474745371651357,1,-1.001523114583997,No,Medium,-0.05069936960228022,-0.8344815625693217,0.9025149568165165,1
928,0,17,-0.38280185406267986,8,1.1805102166530668,9,0.6943767972233363,Yes,High,0.1840786873794987,-0.08280310560763159,-0.48587791878264064,1
929,0,20,-1.5586437266101607,5,-1.4812941049998445,0,-1.001523114583997,Yes,High,-2.0875576477415043,1.591473359654226,-1.0102494769488453,0
930,1,17,-1.5586437266101607,5,-0.3278455656169163,6,-1.6296341930311573,Yes,High,-2.411170645202876,1.2165530534924054,-0.7182698593335719,0
931,1,21,-0.7747491449118401,8,-1.4812941049998445,9,1.1340545521363485,Yes,Low,-0.14587966297327198,0.26822522025956375,-1.2128475789676059,1
932,0,18,1.5769346001831217,8,0.4706957308789571,0,-0.37341203613683643,Yes,High,1.1866444442206125,-0.7511659389778059,1.4685978889277604,2
933,1,21,0.793040018484801,7,-1.4812941049998445,7,-0.31060092829212044,No,High,0.729779036039852,-0.6076390243873796,0.9799789370001601,2
934,1,20,-1.1666964357610003,8,-1.7474745371651357,2,0.1290768266208919,Yes,Medium,-0.8629045397014101,0.7460648261520808,-0.9327854967652013,1
935,0,21,1.5769346001831217,6,-1.2151136728345535,9,-1.4412008694970093,No,Medium,0.3300218038816868,-0.8614366172606944,1.6771547586529554,1
936,1,20,-1.1666964357610003,5,0.825602973766012,5,-1.189956438118145,Yes,High,-1.09768259668319,0.6100643229365181,0.0980813164479061,0
937,0,20,-0.7747491449118401,8,-1.037660051391026,6,-0.4362231439815525,No,High,-1.6370375924521432,-0.30763276632885433,-1.123466063371094,0
938,1,20,-1.1666964357610003,6,1.2692370273748306,9,-1.064334222428713,No,Low,-1.649728298234942,0.2902793559161415,-0.5395068281405475,0
939,0,20,-0.7747491449118401,6,-1.1263868621127897,0,-1.4412008694970093,No,Low,-1.300733889207972,-0.1777584119067857,0.14575145809937953,0
940,0,20,0.40109272763564074,6,0.29324210943542967,5,0.44313236584447213,No,High,0.4632742146010749,-0.5073452169967524,0.014658568557828027,1
941,0,18,1.5769346001831217,6,-0.1503919441733889,6,-0.059356496913256236,Yes,Medium,0.9899385045872291,-0.7764873539909137,0.9859377047065939,2
942,1,17,1.5769346001831217,7,1.3579638380965942,5,1.3224878756704967,Yes,High,2.4430243167177035,-0.5894356108295694,1.0395666140645017,2
943,0,19,0.793040018484801,6,0.5594225416007208,3,-1.6296341930311573,Yes,Low,0.6345987426688602,-0.6233919784277921,2.1419386397548186,2
944,1,17,-0.7747491449118401,7,1.0030565952095394,0,-0.24778982044740436,No,Medium,-0.7423428347648207,0.03788202562419662,-0.46204284795690376,1
945,1,20,-0.38280185406267986,7,-0.5940259977822074,8,0.19188793446560795,Yes,Medium,-0.6535078942852279,-0.3253985978299862,-0.7957338395172157,1
946,1,18,0.40109272763564074,6,-0.2391187548951526,3,0.31751015015504,Yes,Low,0.8693767996506401,-0.42893051244003155,0.5151950558982967,2
947,1,21,0.009145436786480443,5,0.6481493523224845,6,0.6943767972233363,Yes,High,0.9582117401302318,-0.19050080139725273,0.24109174140232534,2
948,0,18,-1.1666964357610003,6,0.7368761630442482,6,0.1290768266208919,Yes,High,-0.7106160703078234,0.8342813687783915,-0.7897750718107818,1
949,0,20,0.40109272763564074,6,-0.41657237633868,1,1.1340545521363485,No,High,0.7805418591710473,-0.44608372906181426,-0.3428674938282208,2
950,1,18,-0.7747491449118401,6,1.2692370273748306,0,0.5687545815339042,No,Low,-0.16491572164747104,0.2608738417073711,-0.6944347885078358,1
951,1,18,1.1849873093339613,5,0.9143297844877757,7,1.4481100913599287,Yes,Medium,1.8909786151659511,-0.553291332947956,0.4019784694760476,2
952,0,20,-1.1666964357610003,4,-1.4812941049998445,7,0.003454610931459811,Yes,Low,-1.1738268313799831,0.5659560516233629,-1.1055897602517912,0
953,1,18,-1.5586437266101607,4,1.446690648818358,6,0.19188793446560795,Yes,High,-0.913667362832606,2.951478391809851,-1.0400433154810163,1
954,0,19,1.5769346001831217,7,-0.3278455656169163,7,-1.064334222428713,No,Low,1.3706596780711962,-0.7274781636429631,2.2968666001221063,2
955,1,19,-0.7747491449118401,7,1.6241442702618853,2,-0.31060092829212044,No,Medium,0.0635169824429097,0.3490903843336819,0.35430832782457466,1
956,1,18,-1.5586437266101607,5,0.4706957308789571,1,-1.6296341930311573,No,Low,-2.239846117135091,1.4150402744016044,-0.5573831312598502,0
957,0,21,0.793040018484801,8,1.6241442702618853,6,0.7571879050680523,Yes,High,0.9391756814560336,-0.5729825254984717,0.1636277612186817,2
958,1,20,0.009145436786480443,4,-1.4812941049998445,7,0.8199990129127684,No,Medium,-0.33624024971525546,-0.4904370463267094,-1.0936722248389228,1
959,0,19,0.009145436786480443,7,0.825602973766012,0,-0.059356496913256236,No,Low,0.2475322162934932,-0.35517168096636614,0.28876188305379846,1
960,1,21,-1.5586437266101607,4,0.825602973766012,9,0.44313236584447213,No,Low,-1.3895688296875648,2.4001250003954087,-1.725301601720943,0
961,1,18,1.5769346001831217,5,0.11578848799190225,8,-1.6296341930311573,No,Medium,0.47596492038387395,-0.8426497609606467,1.9929694470939652,1
962,1,21,0.793040018484801,5,-0.8602064299474986,3,0.6943767972233363,No,Medium,0.1904240402708987,-0.6969057639497178,-0.47991915107620603,1
963,0,17,1.1849873093339613,8,-1.6587477264433719,3,0.5687545815339042,Yes,High,1.3008607962658025,-0.6387511086171945,0.6820405516784527,2
964,1,19,1.5769346001831217,8,-0.7714796192257348,2,-0.4362231439815525,Yes,Medium,0.8313046823022427,-0.7969078499692265,1.194494574431789,2
965,1,18,0.40109272763564074,5,0.825602973766012,5,-1.4412008694970093,Yes,High,0.06986233533430879,-0.5833094620360755,1.432845282689155,1
966,1,20,0.009145436786480443,7,1.3579638380965942,0,1.510921199204645,Yes,Low,0.6790162129086565,-0.25519293265654724,-0.7957338395172157,2
967,1,18,0.40109272763564074,4,-0.2391187548951526,5,1.0712434442916325,No,High,0.6663255071258575,-0.46813786471839214,-0.3905376354796938,2
968,0,20,-1.1666964357610003,6,0.4706957308789571,1,-0.4362231439815525,Yes,Low,-1.1230640082487877,0.5953615658321331,-0.6408058791499281,0
969,0,18,-0.38280185406267986,8,-1.2151136728345535,8,0.06626571877617586,Yes,Medium,-0.2664413679098619,-0.2132900749090496,-0.3130736552960501,1
970,1,21,-0.7747491449118401,6,-1.7474745371651357,1,-0.49903425182626854,Yes,Low,-1.5608933577553497,-0.2782272521200839,-0.9923731738295426,0
971,0,21,0.793040018484801,7,0.4706957308789571,6,0.6315656893786202,No,Medium,1.0851187979582209,-0.5488279959698392,0.41985477259534976,2
972,1,21,1.5769346001831217,8,0.20451529871366597,0,-0.49903425182626854,Yes,Low,0.5076916848408712,-0.8385656617649844,0.9501850984679893,1
973,1,17,0.009145436786480443,6,0.4706957308789571,6,1.3852989835152127,No,Low,0.7551604476054492,-0.23754962413128522,-0.6050532729113236,2
974,1,20,0.40109272763564074,7,-1.303840483556317,4,-0.18497871260268833,No,Low,-0.3235495439324573,-0.6592737070753989,-0.12835185639659183,1
975,0,21,-1.1666964357610003,4,-1.303840483556317,7,-1.6296341930311573,No,Low,-1.351496712339168,0.46303675189266674,0.2768443476409305,0
976,0,17,-0.7747491449118401,7,-1.1263868621127897,3,0.254699042310324,Yes,High,-0.23471460345286463,0.23391878701599805,-0.46204284795690376,1
977,0,20,-0.7747491449118401,8,0.29324210943542967,9,-0.12216760475797228,No,Low,-0.272786720801261,0.21921602991161349,-0.14026939180945946,1
978,0,18,1.5769346001831217,5,0.11578848799190225,6,-1.378389761652293,Yes,High,1.2754793847002044,-0.7397304612299509,2.5054234698473015,2
979,0,17,0.793040018484801,4,-0.1503919441733889,5,0.8199990129127684,Yes,Medium,0.4569288617096758,-0.6527974926365625,-0.3488262615346546,1
980,0,19,1.1849873093339613,6,1.446690648818358,4,-1.5668230851864413,Yes,Medium,0.596526625320463,-0.7407514860288665,2.0465983564518724,1
981,0,17,1.5769346001831217,8,-0.2391187548951526,3,0.31751015015504,No,High,1.8211797333605575,-0.6694839550645552,1.409010211863419,2
982,0,17,0.40109272763564074,5,0.9143297844877757,6,-1.6924453008758733,No,Medium,-0.012627252253883881,-0.5992374488991595,1.5937320107628772,1
983,0,20,-0.38280185406267986,7,1.446690648818358,4,1.4481100913599287,Yes,Medium,1.0533920335012235,0.16898160980496396,-0.38457886777326,2
984,1,18,-1.5586437266101607,5,0.825602973766012,4,-1.4412008694970093,No,Low,-2.1510111766554987,1.5179595741323004,-0.6527234145627966,0
985,0,19,1.1849873093339613,8,1.091783405931303,0,-0.9387120067392809,No,Low,0.3300218038816868,-0.7793462234278774,1.2004533421382237,1
986,0,21,0.793040018484801,8,-0.9489332406692623,1,-0.5618453596709846,No,Low,0.29829503942468955,-0.6790524160372501,0.8131334412200043,1
987,0,21,-1.1666964357610003,5,1.446690648818358,4,-1.001523114583997,Yes,High,-0.4441112488690463,0.9886603183744357,0.533071359017599,1
988,0,17,1.1849873093339613,7,-0.7714796192257348,2,1.2596767678257808,No,High,1.0724280921754217,-0.6718323121020612,-0.1879395334609333,2
989,0,20,0.009145436786480443,5,0.825602973766012,1,-0.18497871260268833,No,Medium,-0.057044722493680214,-0.4257449150674149,0.1219163872736424,1
990,0,20,0.793040018484801,8,0.5594225416007208,3,1.4481100913599287,Yes,Low,1.243752620243207,-0.5225730725691512,-0.20581583658023558,2
991,0,21,-0.38280185406267986,8,1.6241442702618853,3,0.44313236584447213,No,High,0.43154745014407764,-0.01112716472375393,-0.015135269974342707,1
992,0,19,0.009145436786480443,6,-1.037660051391026,3,-1.001523114583997,Yes,High,-0.9771208917466004,-0.6389348930809993,0.032534871677130296,0
993,0,18,1.1849873093339613,6,0.027061677270138536,3,0.1290768266208919,No,Low,1.5483295590303805,-0.6029131381752558,1.3315462316797744,2
994,0,19,-1.5586437266101607,4,-0.7714796192257348,2,-1.4412008694970093,No,High,-1.6687643569091404,2.0766643440989356,-0.19985706887380134,0
995,0,18,-1.5586437266101607,8,0.7368761630442482,6,0.3803212579997561,No,Low,-0.8629045397014101,3.0102894202273927,-1.1711362050225673,1
996,1,21,-0.38280185406267986,6,1.091783405931303,8,-0.37341203613683643,No,Medium,-0.6471625413938289,-0.32356075319193817,-0.2534859782317086,1
997,1,18,-0.7747491449118401,5,-0.5052991870604437,4,0.6943767972233363,No,Medium,-0.6217811298282307,0.08444075645474952,-1.2426414174997766,1
998,0,20,-1.1666964357610003,7,-1.6587477264433719,3,-0.9387120067392809,No,Medium,-1.9098877667823193,0.1395760955961938,-0.9029916582330305,0
999,0,17,-0.7747491449118401,5,1.6241442702618853,1,1.1968656599810648,Yes,Low,0.48231027327527304,0.5108207124819186,-0.6825172530949674,1
1000,1,17,-1.5586437266101607,7,-0.2391187548951526,1,1.636543414894077,No,High,-0.9453941272896033,2.914721499048888,-2.4403537264930404,1
1001,0,21,-1.5586437266101607,6,-1.5700209157216083,4,-1.5668230851864413,No,Medium,-2.588840526162061,1.0107144540310131,-0.9447030321780697,0
1002,1,20,0.40109272763564074,4,-1.2151136728345535,6,1.573732307049361,No,Medium,0.9137942698904354,-0.4203539041291404,-0.6348471114434944,2
1003,1,19,0.009145436786480443,5,-0.2391187548951526,9,-0.49903425182626854,Yes,Medium,-0.09511683984207656,-0.43456656933004595,0.38410216635674543,1
1004,1,20,1.1849873093339613,5,1.5354174595401215,9,0.19188793446560795,Yes,High,1.3262422078313998,-0.6350754193410983,1.0634016848902377,2
1005,1,17,-1.1666964357610003,5,1.446690648818358,8,-1.4412008694970093,Yes,High,-0.7486881876562201,0.8122272331218138,0.66416424855915,1
1006,1,17,-0.38280185406267986,7,1.091783405931303,6,-0.24778982044740436,No,Low,-0.5963997182626335,-0.30885799608755304,-0.3249911907089185,1
1007,0,20,1.1849873093339613,6,0.9143297844877757,4,0.7571879050680523,No,Medium,1.2945154433744024,-0.6396700309362187,0.49731875277899357,2
1008,1,20,0.40109272763564074,5,-0.8602064299474986,9,1.636543414894077,Yes,High,0.8249593294108437,-0.437507120750923,-0.7778575363979133,2
1009,0,17,-1.5586437266101607,5,-1.4812941049998445,9,0.31751015015504,Yes,Low,-1.0469197735519942,2.7970994422138076,-1.2843527914448158,0
1010,0,19,-0.38280185406267986,4,-0.2391187548951526,9,-1.252767545962861,Yes,Medium,-0.39969377862925,-0.2518848123080605,0.8131334412200043,1
1011,1,21,-1.5586437266101607,4,-1.4812941049998445,5,-0.24778982044740436,No,High,-1.6560736511263414,2.0913671012033213,-1.320105397683421,0
1012,1,21,-1.1666964357610003,6,1.1805102166530668,2,1.3852989835152127,Yes,High,0.20946009894509687,1.3672563138123528,-1.11750729566466,1
1013,0,20,0.009145436786480443,6,0.7368761630442482,4,-0.49903425182626854,No,Low,0.05082627666011062,-0.4007502279899602,0.5211538236047305,1
1014,1,21,1.1849873093339613,8,0.29324210943542967,7,-0.7502786832051327,No,Medium,0.8693767996506401,-0.7012378263108313,1.5281855659921018,2
1015,1,17,1.1849873093339613,4,0.11578848799190225,0,1.3852989835152127,No,Medium,1.884633262274552,-0.55421025526698,0.45560737883395525,2
1016,0,17,-0.7747491449118401,8,-1.6587477264433719,0,1.510921199204645,Yes,High,-0.9834662446379996,-0.055235436036909454,-2.3569309786029624,0
1017,0,20,-0.38280185406267986,7,-1.303840483556317,6,-1.001523114583997,No,Medium,-0.6535078942852279,-0.3253985978299862,0.3364320247052723,1
1018,1,20,0.40109272763564074,8,0.38196892015719336,4,-0.9387120067392809,Yes,Low,0.30464039231608864,-0.5379759609642214,1.1766182713124869,1
1019,0,20,-0.7747491449118401,5,0.027061677270138536,4,1.0712434442916325,Yes,High,-0.48218336621744357,0.13835086583749484,-1.4690745903442748,1
1020,1,19,-1.1666964357610003,8,-0.41657237633868,0,0.8828101207574844,Yes,High,-0.5900543653712335,0.9041194650242212,-1.3916106101606303,1
1021,1,21,0.40109272763564074,6,0.9143297844877757,8,0.6943767972233363,Yes,Low,0.6345987426688602,-0.47426401351188585,-0.06280541162581571,2
1022,1,20,0.009145436786480443,7,-0.5940259977822074,0,-0.18497871260268833,No,High,-0.42507519019484813,-0.5110209062728487,-0.22369213969953786,1
1023,0,18,0.009145436786480443,5,1.6241442702618853,4,1.1340545521363485,No,Medium,0.2665682749676923,-0.35076085383505057,-0.8255276780493863,1
1024,0,18,0.009145436786480443,8,0.6481493523224845,9,0.254699042310324,No,Medium,0.3363671567730859,-0.3345878210202269,0.0742462456221695,1
1025,0,17,0.009145436786480443,7,1.0030565952095394,8,-0.24778982044740436,No,High,0.3363671567730859,-0.3345878210202269,0.5509476621369013,1
1026,0,21,-0.7747491449118401,7,0.6481493523224845,3,1.2596767678257808,Yes,Low,0.361748568338684,0.46426198165136573,-0.8553215165815571,1
1027,0,20,0.793040018484801,5,-1.037660051391026,7,1.1968656599810648,Yes,Low,0.9264849756732345,-0.5750829193705269,-0.26540351364457704,2
1028,1,18,0.40109272763564074,8,0.11578848799190225,5,1.0084323364469165,Yes,Medium,1.351623619396998,-0.33581305077892587,0.3125969538795354,2
1029,1,21,-0.38280185406267986,7,1.0030565952095394,2,-1.189956438118145,Yes,Low,-0.6788893058508262,-0.33274997638217885,0.4913599850725598,1
1030,1,17,-1.1666964357610003,7,-1.392567294278081,3,0.7571879050680523,No,High,-0.9771208917466004,0.6799024191823475,-1.6359200861244307,0
1031,1,19,1.5769346001831217,4,0.20451529871366597,1,1.3852989835152127,Yes,High,2.284390494432717,-0.609856106807882,0.8310097443393063,2
1032,0,21,-1.5586437266101607,7,-1.392567294278081,0,-0.31060092829212044,No,Medium,-1.5989654751037463,2.157529508173054,-1.206888811261172,0
1033,1,21,-0.38280185406267986,4,1.0030565952095394,7,1.3852989835152127,Yes,Medium,0.17138798159670054,-0.08647879488372766,-1.1532599019032643,1
1034,0,19,-1.5586437266101607,8,-0.9489332406692623,0,-0.9387120067392809,Yes,Medium,-1.3134245949907712,2.4883415430217193,-0.3428674938282208,0
1035,1,21,0.40109272763564074,8,1.6241442702618853,0,0.254699042310324,Yes,Low,0.7995779178452456,-0.4424080397857181,0.5092362881918621,2
1036,0,17,-0.38280185406267986,8,-0.5052991870604437,3,1.3852989835152127,Yes,High,0.038135570877311536,-0.12507353228273882,-1.2783940237383822,1
1037,0,17,0.009145436786480443,6,-1.2151136728345535,9,-0.8130897910498488,No,High,-0.8755952454842092,-0.6154104817139832,-0.05088787621294767,1
1038,1,19,0.009145436786480443,8,0.7368761630442482,9,0.5059434736891881,No,High,0.7107429773656538,-0.2478415541043546,0.18746283204441863,2
1039,1,20,1.5769346001831217,7,-1.5700209157216083,5,1.3224878756704967,No,Medium,2.0686484961251357,-0.6376279813383874,0.6879993193848867,2
1040,1,18,-1.5586437266101607,5,-0.1503919441733889,8,-1.4412008694970093,No,High,-1.535511946189752,2.23104329369498,-0.07472294703868418,0
1041,1,20,-1.1666964357610003,4,-0.9489332406692623,0,-0.37341203613683643,Yes,Low,-1.5926201222123468,0.32336055940100805,-1.1413423664903966,0
1042,0,21,0.40109272763564074,6,0.6481493523224845,6,-0.7502786832051327,Yes,Low,-0.1966424861044683,-0.6347691119014237,0.5271125913111643,1
1043,1,18,0.009145436786480443,8,0.7368761630442482,9,0.8199990129127684,No,High,0.07620768822570878,-0.3948691251482061,-0.7063523239207035,1
1044,1,19,0.793040018484801,8,-0.5052991870604437,4,-1.127145330273429,No,Medium,-0.4694926604346445,-0.8061262452965792,0.6284116423205452,1
1045,0,19,-0.7747491449118401,5,1.2692370273748306,7,-0.24778982044740436,Yes,High,-0.7486881876562201,0.03543156610679898,-0.468001615663338,1
1046,1,18,-0.7747491449118401,5,-1.303840483556317,6,-0.6246564675157006,Yes,Low,-1.2626617718595756,-0.16305565480240036,-0.5931357374984552,0
1047,1,17,-1.1666964357610003,6,-0.7714796192257348,3,1.3224878756704967,No,Low,-0.17126107453887013,1.1467149572465758,-1.4154456809863671,1
1048,1,18,-0.7747491449118401,4,1.5354174595401215,3,-0.6246564675157006,No,Low,-0.33624024971525546,0.19471143473763808,0.27684434764093085,1
1049,1,21,-1.5586437266101607,8,-0.6827528085039711,5,-1.315578653807577,No,High,-2.170047235329697,1.4959054384757229,-0.7897750718107818,0
1050,1,17,0.009145436786480443,6,0.7368761630442482,5,-1.5040119773417253,Yes,Low,0.08889839400850696,-0.39192857372732903,1.5103092628727988,1
1051,0,19,0.009145436786480443,7,-0.1503919441733889,8,-0.12216760475797228,No,Medium,-0.6852346587422252,-0.5713022104008276,-0.527589292727679,1
1052,1,18,0.793040018484801,7,-1.5700209157216083,4,-1.4412008694970093,No,High,0.3173310980988877,-0.6759018252291679,1.665237223240087,1
1053,1,20,-0.38280185406267986,6,-1.1263868621127897,7,1.699354522738793,No,High,0.4125113914698795,-0.016640698637898306,-1.2247651143804743,1
1054,1,20,-0.7747491449118401,8,-1.1263868621127897,4,-0.7502786832051327,No,Low,-0.7042707174164243,0.05258478272858145,0.05041117479643257,1
1055,1,21,-1.5586437266101607,6,-0.06166513345162517,1,0.44313236584447213,No,Low,-1.5799294164295483,2.1795836438296314,-1.9040646329139674,0
1056,1,20,1.1849873093339613,8,-1.4812941049998445,5,-0.12216760475797228,Yes,Medium,1.0597373863926236,-0.6736701567401092,1.1110718265417114,2
1057,0,18,-0.7747491449118401,5,0.027061677270138536,8,-0.6246564675157006,No,High,-1.421295594144562,-0.2243171427373386,-0.7421049301593088,0
1058,1,18,-1.1666964357610003,6,-1.5700209157216083,2,0.06626571877617586,Yes,Low,-1.294388536316573,0.4961179553775333,-1.2783940237383822,0
1059,0,20,-0.38280185406267986,8,-1.1263868621127897,0,-0.31060092829212044,No,Medium,-0.6535078942852279,-0.3253985978299862,-0.31903242300248386,1
1060,0,18,-0.7747491449118401,6,0.20451529871366597,0,1.573732307049361,No,Low,-0.4314205430862472,0.15795454197667522,-1.8981058652075327,1
1061,1,21,-1.5586437266101607,6,-0.41657237633868,2,-0.8759008988945648,No,High,-1.935269178347917,1.7679064449068482,-0.9864144061231084,0
1062,1,17,-0.7747491449118401,8,-0.6827528085039711,9,-0.8130897910498488,Yes,Low,-1.2690071247509749,-0.165506114319798,-0.42033147401186455,0
1063,1,21,-1.1666964357610003,8,-1.5700209157216083,4,1.3224878756704967,Yes,High,-0.21567854477866646,1.1209851323139017,-1.4571570549314063,1
1064,1,21,1.1849873093339613,4,-1.037660051391026,2,0.31751015015504,Yes,Low,1.3325875607227997,-0.6341564970220742,0.9501850984679893,2
1065,0,18,0.40109272763564074,6,-0.5940259977822074,8,-0.18497871260268833,No,High,0.27291362785909135,-0.5441021097577152,0.4317723080082183,1
1066,1,17,1.5769346001831217,7,-0.6827528085039711,7,-0.4362231439815525,No,Medium,1.104154856632419,-0.7617845968865287,1.4507215858084572,2
1067,1,18,1.1849873093339613,6,-1.2151136728345535,2,-0.6874675753604167,Yes,High,0.9518663872388328,-0.6892918361635184,1.546061869111404,2
1068,1,19,-0.7747491449118401,6,-0.5052991870604437,8,-0.31060092829212044,Yes,Medium,-0.7740695992218178,0.025629728037208917,-0.432249009424733,1
1069,1,18,0.009145436786480443,8,-1.2151136728345535,5,0.9456212286022004,No,High,0.5330730964064685,-0.2890092739966331,-0.39649640318612844,1
1070,1,18,0.793040018484801,6,1.5354174595401215,6,-0.6874675753604167,Yes,Medium,0.7805418591710473,-0.5992374488991595,1.385175141037682,2
1071,1,18,0.009145436786480443,6,1.1805102166530668,3,-0.8759008988945648,No,Low,0.05717162955150971,-0.39927995227952157,0.8846386536972132,1
1072,0,17,1.1849873093339613,7,0.11578848799190225,3,0.06626571877617586,Yes,High,1.0978095037410198,-0.6681566228259649,0.9680614015872917,2
1073,0,18,0.009145436786480443,8,0.29324210943542967,1,-0.49903425182626854,Yes,Low,0.3998206856870804,-0.3198850639158418,0.8488860474586086,1
1074,1,17,-1.5586437266101607,6,1.446690648818358,4,0.1290768266208919,Yes,Medium,-0.6852346587422252,3.2161280196887843,-0.7659400009850449,1
1075,1,20,0.009145436786480443,5,-1.7474745371651357,7,-0.5618453596709846,No,High,-0.8248324223530134,-0.6036482760304751,-0.24156844281884013,1
1076,1,19,-0.38280185406267986,4,-0.9489332406692623,6,1.573732307049361,No,High,0.27291362785909135,-0.05707328067495749,-1.2366826497933427,1
1077,0,17,0.40109272763564074,7,-0.41657237633868,6,0.6943767972233363,Yes,Low,0.22215080472789595,-0.5539039478273053,-0.45012531254403526,1
1078,1,20,-0.7747491449118401,6,-1.1263868621127897,5,-0.9387120067392809,No,High,-0.716961423199223,0.04768386369378668,0.21725667057658904,1
1079,0,17,0.009145436786480443,5,0.38196892015719336,2,-0.6246564675157006,No,High,0.3680939212300831,-0.32723644246803446,0.9382675630551208,1
1080,1,17,-1.1666964357610003,6,-0.7714796192257348,4,-0.31060092829212044,No,Low,-1.6560736511263414,0.2866036666400452,-1.2605177206190794,0
1081,1,19,0.40109272763564074,6,0.38196892015719336,0,1.1340545521363485,No,High,1.3960410896367943,-0.32723644246803446,0.23513297369589173,2
1082,1,21,0.40109272763564074,8,-0.3278455656169163,6,0.31751015015504,Yes,Low,0.27925898075049044,-0.5428768799990166,-0.038970340800079634,1
1083,1,21,0.009145436786480443,8,0.4706957308789571,8,0.6943767972233363,No,Low,0.729779036039852,-0.24343072697303914,0.026576103970696492,2
1084,0,17,0.40109272763564074,8,-0.5940259977822074,0,0.7571879050680523,No,Low,0.08255304111710787,-0.5808590025186781,-0.6408058791499281,1
1085,0,18,0.793040018484801,5,1.3579638380965942,1,-0.6246564675157006,Yes,Low,0.3871299799042813,-0.6643496589328651,0.9561438661744232,1
1086,1,20,0.009145436786480443,6,0.20451529871366597,2,-1.189956438118145,No,Low,-0.5963997182626335,-0.5507183504546885,0.5688239652562035,1
1087,1,18,-1.5586437266101607,4,-1.303840483556317,2,0.31751015015504,No,Medium,-1.0723011851175923,2.7676939280050368,-1.308187862270553,0
1088,0,18,1.1849873093339613,7,-1.392567294278081,7,0.254699042310324,No,Medium,0.40616603857847944,-0.7683191555995886,0.13979269039294479,1
1089,0,17,-0.38280185406267986,8,0.38196892015719336,6,1.636543414894077,Yes,Low,0.3934753327956813,-0.022154232552042682,-1.183053740435435,1
1090,0,17,1.5769346001831217,8,-0.2391187548951526,5,-0.6874675753604167,Yes,Medium,1.0978095037410198,-0.7626014167256608,1.6831135263593893,2
1091,0,17,0.40109272763564074,6,-0.6827528085039711,9,-0.5618453596709846,No,Medium,0.16504262870530054,-0.564931015655594,0.6879993193848867,1
1092,1,17,-1.5586437266101607,6,-0.5940259977822074,9,-0.059356496913256236,No,High,-1.6433829453435427,2.106069858307706,-1.4869508934635771,0
1093,0,21,-0.7747491449118401,5,0.6481493523224845,3,-1.378389761652293,Yes,Low,-0.4504566017604463,0.15060316342448254,0.8846386536972132,1
1094,1,17,-0.7747491449118401,5,-0.2391187548951526,8,0.44313236584447213,Yes,Medium,-0.7931056578960161,0.018278349485016245,-1.1651774373161328,1
1095,0,21,-0.38280185406267986,8,0.6481493523224845,0,0.5687545815339042,Yes,High,-0.17126107453887013,-0.18572240533832746,-0.7003935562142696,1
1096,0,21,0.40109272763564074,6,0.5594225416007208,1,0.3803212579997561,No,High,0.2411868634020941,-0.550228258551209,-0.13431062410302563,1
1097,0,17,0.793040018484801,4,1.0030565952095394,3,-0.49903425182626854,No,Low,1.123190915306618,-0.5425268143536739,1.5281855659921018,2
1098,0,19,-0.38280185406267986,7,-1.037660051391026,2,-0.18497871260268833,Yes,Low,-0.5202554835658398,-0.2868038604309753,-0.3130736552960501,1
1099,0,20,0.40109272763564074,6,1.7128710809836492,0,-1.5040119773417253,No,High,-0.20933319188726648,-0.637219571418821,1.2302471806703945,1
1100,1,18,-1.5586437266101607,6,1.0030565952095394,4,-1.127145330273429,No,Low,-2.112939059307102,1.562067845445456,-0.914909193645899,0
1101,1,21,1.1849873093339613,5,-0.06166513345162517,6,-1.127145330273429,No,Low,0.06986233533430879,-0.8170220385078644,1.1349068973674477,1
1102,0,20,0.793040018484801,7,0.6481493523224845,1,-0.24778982044740436,No,High,1.2120258557862098,-0.5278240572492888,1.3732576056248136,2
1103,0,19,1.5769346001831217,8,1.091783405931303,4,-0.4362231439815525,No,High,1.4214225012023916,-0.7209436049299033,1.748659971130165,2
1104,1,18,-0.7747491449118401,6,-1.4812941049998445,5,-1.064334222428713,No,Low,-1.09768259668319,-0.09934370735006472,-0.021094037680776938,0
1105,0,18,-1.1666964357610003,8,1.1805102166530668,6,-0.059356496913256236,No,Medium,-1.1992082429455813,0.5512532945189775,-1.069837154013187,0
1106,0,21,-1.5586437266101607,6,-1.5700209157216083,0,-0.7502786832051327,Yes,Low,-1.3070792420993715,2.4956929215739128,-0.515671757314811,0
1107,1,17,-0.7747491449118401,8,0.4706957308789571,6,-0.12216760475797228,Yes,Medium,-0.7423428347648207,0.03788202562419662,-0.5812182020855867,1
1108,0,19,0.009145436786480443,7,-1.1263868621127897,3,0.1290768266208919,Yes,High,-0.15857036875607106,-0.4492693264344311,-0.27136228135101087,1
1109,0,21,-1.1666964357610003,5,-1.303840483556317,7,1.3224878756704967,Yes,Medium,-0.34893095549805453,1.04379565751588,-1.5822911767665235,1
1110,1,19,-0.7747491449118401,7,-0.41657237633868,3,-0.7502786832051327,Yes,High,-1.1230640082487877,-0.10914554541965477,-0.3428674938282208,0
1111,1,17,-0.38280185406267986,4,0.29324210943542967,5,-1.315578653807577,Yes,Low,-1.2626617718595756,-0.5018316830826081,0.062328710209300926,0
1112,1,17,0.793040018484801,5,1.6241442702618853,8,-0.7502786832051327,Yes,Low,0.3300218038816868,-0.6738014313571127,1.0216903109451994,1
1113,0,21,-0.7747491449118401,7,0.825602973766012,4,0.44313236584447213,Yes,High,0.3236764509902868,0.4495592245469804,-0.11643432098372337,1
1114,1,17,1.5769346001831217,4,-0.6827528085039711,3,-0.7502786832051327,Yes,High,1.0407013277184245,-0.7699527952778538,1.6890722940658236,2
1115,1,20,1.1849873093339613,6,-1.392567294278081,7,0.7571879050680523,No,High,1.243752620243207,-0.6470214094884112,0.44964861112752047,2
1116,1,18,-0.38280185406267986,6,0.38196892015719336,8,-1.001523114583997,No,Low,-0.9263580686154046,-0.40442591726605637,0.08020501332860362,1
1117,1,21,-1.5586437266101607,8,-0.06166513345162517,3,0.44313236584447213,Yes,Low,-1.5164758875155537,2.2530974293515573,-1.844476955849626,0
1118,1,19,-1.5586437266101607,5,-0.2391187548951526,2,1.3224878756704967,No,Medium,-0.9453941272896033,2.914721499048888,-2.142415341171333,1
1119,1,20,-1.5586437266101607,6,-0.2391187548951526,7,-0.4362231439815525,No,High,-0.9580848330724019,2.900018741944504,-0.48587791878264025,1
1120,0,21,-1.5586437266101607,5,-1.6587477264433719,4,1.3852989835152127,Yes,Medium,-1.4149502412531625,2.3707194861866387,-2.6429518285118014,0
1121,0,17,1.1849873093339613,6,-0.9489332406692623,1,0.9456212286022004,Yes,Low,1.2881700904830033,-0.6405889532552427,0.3125969538795354,2
1122,1,17,-0.7747491449118401,8,-0.7714796192257348,9,0.5059434736891881,Yes,Medium,-0.24740530923566373,0.22901786798120327,-0.7123110916271381,1
1123,1,17,0.40109272763564074,7,-0.6827528085039711,8,1.2596767678257808,No,Medium,0.07620768822570878,-0.5820842322773768,-1.1234660633710936,1
1124,1,17,-0.7747491449118401,8,-0.8602064299474986,2,-0.6874675753604167,No,Low,-0.9390487743982037,-0.03808221941512672,-0.22965090740597208,1
1125,0,19,0.009145436786480443,4,-0.1503919441733889,1,0.254699042310324,Yes,Low,0.10158909979130604,-0.3889880223064521,-0.1462281595158941,1
1126,0,20,0.793040018484801,6,1.2692370273748306,0,0.8199990129127684,No,High,1.0787734450668218,-0.5498781929058665,0.23513297369589173,2
1127,0,18,-1.1666964357610003,4,1.6241442702618853,7,-1.378389761652293,No,Medium,-1.3197699478821707,0.48141519827314816,0.06828747791573538,0
1128,0,19,0.40109272763564074,4,0.4706957308789571,2,-0.24778982044740436,No,Low,0.5394184492978684,-0.49264245989236727,0.7416282287427941,1
1129,0,19,0.40109272763564074,5,-0.5940259977822074,6,-0.059356496913256236,Yes,Low,0.3236764509902868,-0.5343002716881252,0.3602670955310083,1
1130,0,18,-0.7747491449118401,6,0.29324210943542967,0,-0.49903425182626854,No,Medium,-1.2499710660767767,-0.15815473576760533,-0.7003935562142696,0
1131,0,18,0.40109272763564074,4,-1.7474745371651357,0,-0.18497871260268833,No,Low,-0.5456368951314381,-0.7021567486298556,-0.33690872612178696,1
1132,0,17,0.009145436786480443,7,0.11578848799190225,8,-1.6296341930311573,No,High,-0.03166331092808205,-0.4198638122256608,1.5162680305792333,1
1133,0,19,-1.1666964357610003,4,0.20451529871366597,7,-1.189956438118145,No,High,-1.1040279495745895,0.6063886336604218,0.09212254874147166,0
1134,1,21,1.5769346001831217,7,-0.1503919441733889,2,0.003454610931459811,No,Medium,1.5229481474647832,-0.707874487503783,1.4268865149827212,2
1135,1,18,1.1849873093339613,5,-0.2391187548951526,5,1.573732307049361,No,High,1.6942726755325686,-0.5817779248377021,0.09808131644790642,2
1136,1,18,-0.7747491449118401,4,-0.7714796192257348,2,0.6315656893786202,No,Low,-0.6408171885024297,0.07708937790255685,-1.200930043554738,1
1137,1,20,1.1849873093339613,8,0.6481493523224845,3,-1.5668230851864413,Yes,Low,0.42520209725267855,-0.7655623886425164,1.8857116283781505,1
1138,0,21,1.5769346001831217,5,0.6481493523224845,0,-0.49903425182626854,Yes,Low,1.3008607962658025,-0.7364631818734209,1.6950310617722577,2
1139,0,21,-0.7747491449118401,7,1.091783405931303,4,-1.378389761652293,No,Low,-0.7359974818734211,0.040332485141594,0.6164941069076769,1
1140,1,18,-0.7747491449118401,5,-0.1503919441733889,0,0.6943767972233363,Yes,Medium,-0.9898115975293991,-0.05768589555430684,-1.5882499444729574,0
1141,0,17,-1.1666964357610003,4,0.6481493523224845,0,0.31751015015504,No,High,-0.46314730754324446,0.9776332505461469,-0.7361461624528741,1
1142,1,20,1.1849873093339613,6,1.446690648818358,9,1.699354522738793,No,High,2.1701741423875274,-0.5128587509108967,0.42581354030178453,2
1143,0,21,-1.5586437266101607,6,0.4706957308789571,6,-1.6924453008758733,No,Low,-2.0114134130447106,1.6796899022805372,-0.2832798167638793,0
1144,1,18,1.1849873093339613,7,1.2692370273748306,5,0.5687545815339042,Yes,Medium,1.8021436746863584,-0.566156245414293,1.1527832004867498,2
1145,0,21,0.793040018484801,7,1.1805102166530668,1,-1.378389761652293,No,Low,0.5521091550806675,-0.6370445385961498,1.8261239513138092,1
1146,0,20,0.793040018484801,6,1.2692370273748306,1,1.0712434442916325,No,Low,0.7361243889312511,-0.606588827451352,-0.3249911907089185,2
1147,1,20,-0.7747491449118401,7,1.7128710809836492,6,0.3803212579997561,Yes,Medium,0.23484151051069505,0.41525279130341514,-0.14026939180945946,1
1148,0,19,-1.5586437266101607,5,-0.41657237633868,0,1.1968656599810648,Yes,Medium,-0.39969377862925,3.54694005453745,-1.510785964289313,1
1149,1,18,-0.38280185406267986,8,1.5354174595401215,1,-0.8130897910498488,No,Low,-0.5392915422400381,-0.29231739434511966,0.26492681222806247,1
1150,1,20,1.5769346001831217,8,-0.6827528085039711,7,1.0712434442916325,Yes,High,1.8402157920347557,-0.6670334955471576,0.7118343902106234,2
1151,1,19,0.009145436786480443,5,0.20451529871366597,5,-0.12216760475797228,Yes,Low,0.40616603857847944,-0.3184147882054033,0.49731875277899357,1
1152,1,19,-1.5586437266101607,8,0.11578848799190225,1,-0.8759008988945648,No,High,-1.0596104793347931,2.7823966851094224,-0.16410446263519637,0
1153,0,21,0.009145436786480443,4,-0.41657237633868,6,1.636543414894077,No,High,0.729779036039852,-0.24343072697303914,-0.8672390519944255,2
1154,0,21,1.1849873093339613,5,0.6481493523224845,3,-1.315578653807577,No,Medium,0.4632742146010749,-0.7600488547283719,1.6831135263593893,1
1155,0,19,1.1849873093339613,7,1.2692370273748306,1,1.1340545521363485,Yes,Medium,1.9671228498627447,-0.5422642651196671,0.7714220672749649,2
1156,1,21,0.009145436786480443,5,-1.1263868621127897,5,0.19188793446560795,Yes,Low,-0.6408171885024297,-0.5610102804277581,-0.783816304104348,1
1157,0,20,1.5769346001831217,6,0.11578848799190225,8,-0.24778982044740436,Yes,High,0.5901812724290639,-0.8279470038562616,0.7892983703942671,1
1158,1,17,-1.5586437266101607,7,0.027061677270138536,8,0.19188793446560795,No,High,-0.8375231281358124,3.039694934436162,-0.9685381030038062,1
1159,0,20,-0.38280185406267986,6,0.4706957308789571,7,0.06626571877617586,Yes,Low,-0.34893095549805453,-0.23718205520367538,-0.3905376354796938,1
1160,0,19,-0.7747491449118401,7,1.7128710809836492,2,0.8828101207574844,Yes,Low,0.2475322162934932,0.4201537103382099,-0.6050532729113236,1
1161,0,19,-1.1666964357610003,8,0.027061677270138536,2,0.254699042310324,No,Low,-1.0025023033121983,0.6651996620779624,-1.1830537404354355,0
1162,1,20,1.1849873093339613,5,0.38196892015719336,1,-0.6874675753604167,No,Medium,1.1676083855464134,-0.6580484773167001,1.748659971130165,2
1163,0,21,0.793040018484801,4,-1.7474745371651357,4,-0.8759008988945648,No,Low,0.1269705113569042,-0.7074077333099931,0.9501850984679893,1
1164,0,21,1.5769346001831217,7,-1.303840483556317,3,0.7571879050680523,Yes,Low,1.0724280921754217,-0.7658686960821911,0.28876188305379846,2
1165,1,19,-1.1666964357610003,7,0.20451529871366597,6,0.5059434736891881,No,High,-0.41872983730344904,1.0033630754788205,-0.8731978197008602,1
1166,0,18,-0.38280185406267986,6,0.20451529871366597,3,1.2596767678257808,Yes,Low,0.5838359195376648,0.03298110658940159,-0.6467646468563619,1
1167,1,21,0.40109272763564074,8,0.20451529871366597,8,-0.24778982044740436,Yes,High,0.7995779178452456,-0.4424080397857181,0.9859377047065939,2
1168,0,20,-0.7747491449118401,6,1.0030565952095394,1,1.0712434442916325,No,High,-0.272786720801261,0.21921602991161349,-1.2724352560319472,1
1169,1,21,1.1849873093339613,6,0.825602973766012,5,1.636543414894077,No,Medium,1.1866444442206125,-0.6552917103596277,-0.4382077771311668,2
1170,1,20,-0.7747491449118401,8,-0.6827528085039711,6,-0.059356496913256236,No,Low,-0.7106160703078234,0.0501343232111838,-0.6110120406177574,1
1171,0,19,-1.1666964357610003,4,-0.2391187548951526,3,-0.18497871260268833,No,Low,-0.6027450711540325,0.8967680864720285,-0.3905376354796938,1
1172,1,21,-0.7747491449118401,6,0.20451529871366597,5,0.254699042310324,No,High,-0.1395343100818729,0.2706756797769609,-0.3726613323603915,1
1173,1,20,0.40109272763564074,6,-0.5052991870604437,6,1.510921199204645,Yes,Medium,0.9137942698904354,-0.4203539041291404,-0.5752594343791528,2
1174,1,19,-1.1666964357610003,7,1.091783405931303,3,-0.6246564675157006,Yes,Medium,-0.36796701417225275,1.032768589687591,0.24705050910876009,1
1175,1,18,1.1849873093339613,8,0.027061677270138536,7,1.1340545521363485,Yes,Low,1.5737109705959786,-0.5992374488991595,0.4019784694760476,2
1176,1,20,-1.5586437266101607,5,1.6241442702618853,8,-0.6246564675157006,No,High,-1.3324606536649692,2.466287407365142,-0.6586821822692304,0
1177,1,18,0.793040018484801,4,0.20451529871366597,0,0.5687545815339042,Yes,Low,0.30464039231608864,-0.6780022191012227,-0.2534859782317086,1
1178,0,18,-1.1666964357610003,4,0.5594225416007208,6,-0.12216760475797228,No,Low,-1.1040279495745895,0.6063886336604218,-0.9208679613523332,0
1179,1,17,0.40109272763564074,8,-0.2391187548951526,8,-1.189956438118145,No,Low,0.06986233533430879,-0.5833094620360755,1.194494574431789,1
1180,1,21,-1.1666964357610003,7,0.29324210943542967,9,0.44313236584447213,Yes,Low,-0.5519822480228371,0.9261736006807987,-0.9387442644716355,1
1181,0,20,-1.1666964357610003,7,1.7128710809836492,4,-1.252767545962861,Yes,High,-0.9327034215068042,0.7056322441150216,0.3125969538795354,1
1182,0,18,1.1849873093339613,8,-1.2151136728345535,1,-0.49903425182626854,No,Medium,0.3934753327956813,-0.7701570002376367,0.842927279752175,1
1183,0,17,-1.1666964357610003,7,-0.06166513345162517,9,1.636543414894077,Yes,Low,-0.01897260514528297,1.2349314998728869,-1.5703736413536546,1
1184,0,19,0.793040018484801,4,0.5594225416007208,5,0.8828101207574844,No,Low,0.6980522715828547,-0.612890009067517,-0.18198076575449865,2
1185,0,20,-0.7747491449118401,4,-1.303840483556317,6,-0.37341203613683643,Yes,Low,-0.9073220099412065,-0.025829921828139018,-0.4977954541955087,1
1186,0,18,1.1849873093339613,5,0.5594225416007208,1,-0.5618453596709846,Yes,Low,0.9391756814560336,-0.6911296808015667,1.4149689795698526,2
1187,0,21,0.793040018484801,8,-1.037660051391026,1,0.1290768266208919,Yes,Medium,0.11427980557410512,-0.709508127182048,-0.015135269974342707,1
1188,1,17,1.1849873093339613,6,0.9143297844877757,9,1.573732307049361,Yes,Medium,1.5610202648131795,-0.6010752935372077,-0.027052805387211172,2
1189,1,18,0.793040018484801,6,0.027061677270138536,9,0.003454610931459811,Yes,Medium,0.48231027327527304,-0.6485967048924526,0.44964861112752047,1
1190,0,21,0.40109272763564074,5,0.4706957308789571,0,0.44313236584447213,No,Medium,0.2475322162934932,-0.5490030287925104,-0.1879395334609333,1
1191,1,18,0.793040018484801,5,1.7128710809836492,3,0.9456212286022004,Yes,Low,1.2881700904830033,-0.5152216940169587,0.3125969538795354,2
1192,1,20,0.009145436786480443,7,-0.6827528085039711,6,-1.064334222428713,Yes,High,-0.35527630838945456,-0.49484787345802517,0.676081783972018,1
1193,1,20,0.793040018484801,5,0.20451529871366597,8,0.19188793446560795,Yes,Medium,0.850340740976441,-0.5876852826028569,0.6164941069076766,2
1194,0,20,-1.5586437266101607,5,-0.06166513345162517,2,1.3224878756704967,No,Medium,-1.1611361255971844,2.6647746282743414,-2.345013443190094,0
1195,0,17,-1.5586437266101607,6,1.446690648818358,6,1.2596767678257808,No,Low,0.15235192292250146,4.1865099885782024,-1.0519608508938845,1
1196,1,20,1.5769346001831217,7,0.6481493523224845,6,0.6943767972233363,No,Low,1.5292935003561823,-0.7070576676646506,0.7773808349813989,2
1197,0,21,0.009145436786480443,5,-0.3278455656169163,6,0.5059434736891881,No,Low,0.5457638021892676,-0.28606872257575616,0.032534871677130296,1
1198,1,18,0.009145436786480443,5,0.6481493523224845,1,0.1290768266208919,No,Low,0.03179021798591245,-0.40516105512127565,-0.09259925015798645,1
1199,1,19,-0.7747491449118401,7,-1.6587477264433719,5,-0.31060092829212044,Yes,High,-1.7195271800403358,-0.33948874005502194,-1.320105397683421,0
1200,1,21,0.009145436786480443,8,0.38196892015719336,1,-0.5618453596709846,Yes,High,0.4569288617096758,-0.3066525825218952,0.9621026338808578,1
